event_id,date,t,ticker,sector,close
E1,2023-10-03,-70,^GSPC,Benchmark,4229.4501953125
E1,2023-10-04,-69,^GSPC,Benchmark,4263.75
E1,2023-10-05,-68,^GSPC,Benchmark,4258.18994140625
E1,2023-10-06,-67,^GSPC,Benchmark,4308.5
E1,2023-10-09,-66,^GSPC,Benchmark,4335.66015625
E1,2023-10-10,-65,^GSPC,Benchmark,4358.240234375
E1,2023-10-11,-64,^GSPC,Benchmark,4376.9501953125
E1,2023-10-12,-63,^GSPC,Benchmark,4349.60986328125
E1,2023-10-13,-62,^GSPC,Benchmark,4327.77978515625
E1,2023-10-16,-61,^GSPC,Benchmark,4373.6298828125
E1,2023-10-17,-60,^GSPC,Benchmark,4373.2001953125
E1,2023-10-18,-59,^GSPC,Benchmark,4314.60009765625
E1,2023-10-19,-58,^GSPC,Benchmark,4278.0
E1,2023-10-20,-57,^GSPC,Benchmark,4224.16015625
E1,2023-10-23,-56,^GSPC,Benchmark,4217.0400390625
E1,2023-10-24,-55,^GSPC,Benchmark,4247.68017578125
E1,2023-10-25,-54,^GSPC,Benchmark,4186.77001953125
E1,2023-10-26,-53,^GSPC,Benchmark,4137.22998046875
E1,2023-10-27,-52,^GSPC,Benchmark,4117.3701171875
E1,2023-10-30,-51,^GSPC,Benchmark,4166.81982421875
E1,2023-10-31,-50,^GSPC,Benchmark,4193.7998046875
E1,2023-11-01,-49,^GSPC,Benchmark,4237.85986328125
E1,2023-11-02,-48,^GSPC,Benchmark,4317.77978515625
E1,2023-11-03,-47,^GSPC,Benchmark,4358.33984375
E1,2023-11-06,-46,^GSPC,Benchmark,4365.97998046875
E1,2023-11-07,-45,^GSPC,Benchmark,4378.3798828125
E1,2023-11-08,-44,^GSPC,Benchmark,4382.77978515625
E1,2023-11-09,-43,^GSPC,Benchmark,4347.35009765625
E1,2023-11-10,-42,^GSPC,Benchmark,4415.240234375
E1,2023-11-13,-41,^GSPC,Benchmark,4411.5498046875
E1,2023-11-14,-40,^GSPC,Benchmark,4495.7001953125
E1,2023-11-15,-39,^GSPC,Benchmark,4502.8798828125
E1,2023-11-16,-38,^GSPC,Benchmark,4508.240234375
E1,2023-11-17,-37,^GSPC,Benchmark,4514.02001953125
E1,2023-11-20,-36,^GSPC,Benchmark,4547.3798828125
E1,2023-11-21,-35,^GSPC,Benchmark,4538.18994140625
E1,2023-11-22,-34,^GSPC,Benchmark,4556.6201171875
E1,2023-11-24,-33,^GSPC,Benchmark,4559.33984375
E1,2023-11-27,-32,^GSPC,Benchmark,4550.43017578125
E1,2023-11-28,-31,^GSPC,Benchmark,4554.89013671875
E1,2023-11-29,-30,^GSPC,Benchmark,4550.580078125
E1,2023-11-30,-29,^GSPC,Benchmark,4567.7998046875
E1,2023-12-01,-28,^GSPC,Benchmark,4594.6298828125
E1,2023-12-04,-27,^GSPC,Benchmark,4569.77978515625
E1,2023-12-05,-26,^GSPC,Benchmark,4567.18017578125
E1,2023-12-06,-25,^GSPC,Benchmark,4549.33984375
E1,2023-12-07,-24,^GSPC,Benchmark,4585.58984375
E1,2023-12-08,-23,^GSPC,Benchmark,4604.3701171875
E1,2023-12-11,-22,^GSPC,Benchmark,4622.43994140625
E1,2023-12-12,-21,^GSPC,Benchmark,4643.7001953125
E1,2023-12-13,-20,^GSPC,Benchmark,4707.08984375
E1,2023-12-14,-19,^GSPC,Benchmark,4719.5498046875
E1,2023-12-15,-18,^GSPC,Benchmark,4719.18994140625
E1,2023-12-18,-17,^GSPC,Benchmark,4740.56005859375
E1,2023-12-19,-16,^GSPC,Benchmark,4768.3701171875
E1,2023-12-20,-15,^GSPC,Benchmark,4698.35009765625
E1,2023-12-21,-14,^GSPC,Benchmark,4746.75
E1,2023-12-22,-13,^GSPC,Benchmark,4754.6298828125
E1,2023-12-26,-12,^GSPC,Benchmark,4774.75
E1,2023-12-27,-11,^GSPC,Benchmark,4781.580078125
E1,2023-12-28,-10,^GSPC,Benchmark,4783.35009765625
E1,2023-12-29,-9,^GSPC,Benchmark,4769.830078125
E1,2024-01-02,-8,^GSPC,Benchmark,4742.830078125
E1,2024-01-03,-7,^GSPC,Benchmark,4704.81005859375
E1,2024-01-04,-6,^GSPC,Benchmark,4688.68017578125
E1,2024-01-05,-5,^GSPC,Benchmark,4697.240234375
E1,2024-01-08,-4,^GSPC,Benchmark,4763.5400390625
E1,2024-01-09,-3,^GSPC,Benchmark,4756.5
E1,2024-01-10,-2,^GSPC,Benchmark,4783.4501953125
E1,2024-01-11,-1,^GSPC,Benchmark,4780.240234375
E1,2024-01-12,0,^GSPC,Benchmark,4783.830078125
E1,2024-01-16,1,^GSPC,Benchmark,4765.97998046875
E1,2024-01-17,2,^GSPC,Benchmark,4739.2099609375
E1,2024-01-18,3,^GSPC,Benchmark,4780.93994140625
E1,2024-01-19,4,^GSPC,Benchmark,4839.81005859375
E1,2024-01-22,5,^GSPC,Benchmark,4850.43017578125
E1,2024-01-23,6,^GSPC,Benchmark,4864.60009765625
E1,2024-01-24,7,^GSPC,Benchmark,4868.5498046875
E1,2024-01-25,8,^GSPC,Benchmark,4894.16015625
E1,2024-01-26,9,^GSPC,Benchmark,4890.97021484375
E1,2024-01-29,10,^GSPC,Benchmark,4927.93017578125
E1,2023-10-03,-70,^VIX,Benchmark,19.780000686645508
E1,2023-10-04,-69,^VIX,Benchmark,18.579999923706055
E1,2023-10-05,-68,^VIX,Benchmark,18.489999771118164
E1,2023-10-06,-67,^VIX,Benchmark,17.450000762939453
E1,2023-10-09,-66,^VIX,Benchmark,17.700000762939453
E1,2023-10-10,-65,^VIX,Benchmark,17.030000686645508
E1,2023-10-11,-64,^VIX,Benchmark,16.09000015258789
E1,2023-10-12,-63,^VIX,Benchmark,16.690000534057617
E1,2023-10-13,-62,^VIX,Benchmark,19.31999969482422
E1,2023-10-16,-61,^VIX,Benchmark,17.209999084472656
E1,2023-10-17,-60,^VIX,Benchmark,17.8799991607666
E1,2023-10-18,-59,^VIX,Benchmark,19.219999313354492
E1,2023-10-19,-58,^VIX,Benchmark,21.399999618530273
E1,2023-10-20,-57,^VIX,Benchmark,21.709999084472656
E1,2023-10-23,-56,^VIX,Benchmark,20.3700008392334
E1,2023-10-24,-55,^VIX,Benchmark,18.969999313354492
E1,2023-10-25,-54,^VIX,Benchmark,20.190000534057617
E1,2023-10-26,-53,^VIX,Benchmark,20.68000030517578
E1,2023-10-27,-52,^VIX,Benchmark,21.270000457763672
E1,2023-10-30,-51,^VIX,Benchmark,19.75
E1,2023-10-31,-50,^VIX,Benchmark,18.139999389648438
E1,2023-11-01,-49,^VIX,Benchmark,16.8700008392334
E1,2023-11-02,-48,^VIX,Benchmark,15.65999984741211
E1,2023-11-03,-47,^VIX,Benchmark,14.90999984741211
E1,2023-11-06,-46,^VIX,Benchmark,14.890000343322754
E1,2023-11-07,-45,^VIX,Benchmark,14.8100004196167
E1,2023-11-08,-44,^VIX,Benchmark,14.449999809265137
E1,2023-11-09,-43,^VIX,Benchmark,15.289999961853027
E1,2023-11-10,-42,^VIX,Benchmark,14.170000076293945
E1,2023-11-13,-41,^VIX,Benchmark,14.760000228881836
E1,2023-11-14,-40,^VIX,Benchmark,14.15999984741211
E1,2023-11-15,-39,^VIX,Benchmark,14.180000305175781
E1,2023-11-16,-38,^VIX,Benchmark,14.319999694824219
E1,2023-11-17,-37,^VIX,Benchmark,13.800000190734863
E1,2023-11-20,-36,^VIX,Benchmark,13.40999984741211
E1,2023-11-21,-35,^VIX,Benchmark,13.350000381469727
E1,2023-11-22,-34,^VIX,Benchmark,12.850000381469727
E1,2023-11-24,-33,^VIX,Benchmark,12.460000038146973
E1,2023-11-27,-32,^VIX,Benchmark,12.6899995803833
E1,2023-11-28,-31,^VIX,Benchmark,12.6899995803833
E1,2023-11-29,-30,^VIX,Benchmark,12.979999542236328
E1,2023-11-30,-29,^VIX,Benchmark,12.920000076293945
E1,2023-12-01,-28,^VIX,Benchmark,12.630000114440918
E1,2023-12-04,-27,^VIX,Benchmark,13.079999923706055
E1,2023-12-05,-26,^VIX,Benchmark,12.850000381469727
E1,2023-12-06,-25,^VIX,Benchmark,12.970000267028809
E1,2023-12-07,-24,^VIX,Benchmark,13.0600004196167
E1,2023-12-08,-23,^VIX,Benchmark,12.350000381469727
E1,2023-12-11,-22,^VIX,Benchmark,12.630000114440918
E1,2023-12-12,-21,^VIX,Benchmark,12.069999694824219
E1,2023-12-13,-20,^VIX,Benchmark,12.1899995803833
E1,2023-12-14,-19,^VIX,Benchmark,12.479999542236328
E1,2023-12-15,-18,^VIX,Benchmark,12.279999732971191
E1,2023-12-18,-17,^VIX,Benchmark,12.5600004196167
E1,2023-12-19,-16,^VIX,Benchmark,12.529999732971191
E1,2023-12-20,-15,^VIX,Benchmark,13.670000076293945
E1,2023-12-21,-14,^VIX,Benchmark,13.649999618530273
E1,2023-12-22,-13,^VIX,Benchmark,13.029999732971191
E1,2023-12-26,-12,^VIX,Benchmark,12.989999771118164
E1,2023-12-27,-11,^VIX,Benchmark,12.430000305175781
E1,2023-12-28,-10,^VIX,Benchmark,12.470000267028809
E1,2023-12-29,-9,^VIX,Benchmark,12.449999809265137
E1,2024-01-02,-8,^VIX,Benchmark,13.199999809265137
E1,2024-01-03,-7,^VIX,Benchmark,14.039999961853027
E1,2024-01-04,-6,^VIX,Benchmark,14.130000114440918
E1,2024-01-05,-5,^VIX,Benchmark,13.350000381469727
E1,2024-01-08,-4,^VIX,Benchmark,13.079999923706055
E1,2024-01-09,-3,^VIX,Benchmark,12.760000228881836
E1,2024-01-10,-2,^VIX,Benchmark,12.6899995803833
E1,2024-01-11,-1,^VIX,Benchmark,12.4399995803833
E1,2024-01-12,0,^VIX,Benchmark,12.699999809265137
E1,2024-01-16,1,^VIX,Benchmark,13.84000015258789
E1,2024-01-17,2,^VIX,Benchmark,14.789999961853027
E1,2024-01-18,3,^VIX,Benchmark,14.130000114440918
E1,2024-01-19,4,^VIX,Benchmark,13.300000190734863
E1,2024-01-22,5,^VIX,Benchmark,13.1899995803833
E1,2024-01-23,6,^VIX,Benchmark,12.550000190734863
E1,2024-01-24,7,^VIX,Benchmark,13.140000343322754
E1,2024-01-25,8,^VIX,Benchmark,13.449999809265137
E1,2024-01-26,9,^VIX,Benchmark,13.260000228881836
E1,2024-01-29,10,^VIX,Benchmark,13.600000381469727
E1,2023-10-03,-70,XLE,Energy,40.50617218017578
E1,2023-10-04,-69,XLE,Energy,39.234195709228516
E1,2023-10-05,-68,XLE,Energy,38.99170684814453
E1,2023-10-06,-67,XLE,Energy,39.22504806518555
E1,2023-10-09,-66,XLE,Energy,40.53361892700195
E1,2023-10-10,-65,XLE,Energy,40.58395004272461
E1,2023-10-11,-64,XLE,Energy,40.062355041503906
E1,2023-10-12,-63,XLE,Energy,40.10810852050781
E1,2023-10-13,-62,XLE,Energy,40.99115753173828
E1,2023-10-16,-61,XLE,Energy,41.26568603515625
E1,2023-10-17,-60,XLE,Energy,41.69577407836914
E1,2023-10-18,-59,XLE,Energy,42.075531005859375
E1,2023-10-19,-58,XLE,Energy,42.00233459472656
E1,2023-10-20,-57,XLE,Energy,41.29771423339844
E1,2023-10-23,-56,XLE,Energy,40.629703521728516
E1,2023-10-24,-55,XLE,Energy,40.057777404785156
E1,2023-10-25,-54,XLE,Energy,39.98456573486328
E1,2023-10-26,-53,XLE,Energy,39.673439025878906
E1,2023-10-27,-52,XLE,Energy,38.72175598144531
E1,2023-10-30,-51,XLE,Energy,38.84987258911133
E1,2023-10-31,-50,XLE,Energy,38.97798156738281
E1,2023-11-01,-49,XLE,Energy,38.88646697998047
E1,2023-11-02,-48,XLE,Energy,40.062355041503906
E1,2023-11-03,-47,XLE,Energy,39.65971755981445
E1,2023-11-06,-46,XLE,Energy,39.21131896972656
E1,2023-11-07,-45,XLE,Energy,38.34199142456055
E1,2023-11-08,-44,XLE,Energy,37.861576080322266
E1,2023-11-09,-43,XLE,Energy,37.7471923828125
E1,2023-11-10,-42,XLE,Energy,38.163551330566406
E1,2023-11-13,-41,XLE,Energy,38.438079833984375
E1,2023-11-14,-40,XLE,Energy,38.7812385559082
E1,2023-11-15,-39,XLE,Energy,38.70803451538086
E1,2023-11-16,-38,XLE,Energy,37.95307922363281
E1,2023-11-17,-37,XLE,Energy,38.74920654296875
E1,2023-11-20,-36,XLE,Energy,38.80411148071289
E1,2023-11-21,-35,XLE,Energy,38.71718215942383
E1,2023-11-22,-34,XLE,Energy,38.69887924194336
E1,2023-11-24,-33,XLE,Energy,38.8590202331543
E1,2023-11-27,-32,XLE,Energy,38.72175598144531
E1,2023-11-28,-31,XLE,Energy,38.73090362548828
E1,2023-11-29,-30,XLE,Energy,38.442657470703125
E1,2023-11-30,-29,XLE,Energy,38.69887924194336
E1,2023-12-01,-28,XLE,Energy,38.90019607543945
E1,2023-12-04,-27,XLE,Energy,38.72175598144531
E1,2023-12-05,-26,XLE,Energy,38.04458999633789
E1,2023-12-06,-25,XLE,Energy,37.47724151611328
E1,2023-12-07,-24,XLE,Energy,37.22101974487305
E1,2023-12-08,-23,XLE,Energy,37.623653411865234
E1,2023-12-11,-22,XLE,Energy,37.66941452026367
E1,2023-12-12,-21,XLE,Energy,37.15238952636719
E1,2023-12-13,-20,XLE,Energy,37.66941452026367
E1,2023-12-14,-19,XLE,Energy,38.77665710449219
E1,2023-12-15,-18,XLE,Energy,38.57076644897461
E1,2023-12-18,-17,XLE,Energy,38.885799407958984
E1,2023-12-19,-16,XLE,Energy,39.35236358642578
E1,2023-12-20,-15,XLE,Energy,38.98743438720703
E1,2023-12-21,-14,XLE,Energy,39.13987350463867
E1,2023-12-22,-13,XLE,Energy,39.25535583496094
E1,2023-12-26,-12,XLE,Energy,39.59257125854492
E1,2023-12-27,-11,XLE,Energy,39.41703414916992
E1,2023-12-28,-10,XLE,Energy,38.8165168762207
E1,2023-12-29,-9,XLE,Energy,38.72874450683594
E1,2024-01-02,-8,XLE,Energy,39.14448547363281
E1,2024-01-03,-7,XLE,Energy,39.78196334838867
E1,2024-01-04,-6,XLE,Energy,39.08443832397461
E1,2024-01-05,-5,XLE,Energy,39.11677169799805
E1,2024-01-08,-4,XLE,Energy,38.664066314697266
E1,2024-01-09,-3,XLE,Energy,38.04507827758789
E1,2024-01-10,-2,XLE,Energy,37.67091751098633
E1,2024-01-11,-1,XLE,Energy,37.767921447753906
E1,2024-01-12,0,XLE,Energy,38.19289779663086
E1,2024-01-16,1,XLE,Energy,37.28288269042969
E1,2024-01-17,2,XLE,Energy,36.973388671875
E1,2024-01-18,3,XLE,Energy,36.9133415222168
E1,2024-01-19,4,XLE,Energy,37.0334358215332
E1,2024-01-22,5,XLE,Energy,37.172027587890625
E1,2024-01-23,6,XLE,Energy,37.25054931640625
E1,2024-01-24,7,XLE,Energy,37.78178024291992
E1,2024-01-25,8,XLE,Energy,38.631736755371094
E1,2024-01-26,9,XLE,Energy,38.918148040771484
E1,2024-01-29,10,XLE,Energy,38.86271286010742
E1,2023-10-03,-70,XOM,Energy,104.95926666259766
E1,2023-10-04,-69,XOM,Energy,101.03563690185547
E1,2023-10-05,-68,XOM,Energy,98.76119995117188
E1,2023-10-06,-67,XOM,Energy,97.11201477050781
E1,2023-10-09,-66,XOM,Energy,100.51008605957031
E1,2023-10-10,-65,XOM,Energy,100.08419036865234
E1,2023-10-11,-64,XOM,Energy,96.49583435058594
E1,2023-10-12,-63,XOM,Energy,96.47770690917969
E1,2023-10-13,-62,XOM,Energy,99.55862426757812
E1,2023-10-16,-61,XOM,Energy,99.631103515625
E1,2023-10-17,-60,XOM,Energy,100.93595886230469
E1,2023-10-18,-59,XOM,Energy,102.34956359863281
E1,2023-10-19,-58,XOM,Energy,102.4129867553711
E1,2023-10-20,-57,XOM,Energy,100.65505981445312
E1,2023-10-23,-56,XOM,Energy,99.17803192138672
E1,2023-10-24,-55,XOM,Energy,98.21751403808594
E1,2023-10-25,-54,XOM,Energy,98.39873504638672
E1,2023-10-26,-53,XOM,Energy,97.50164794921875
E1,2023-10-27,-52,XOM,Energy,95.6440658569336
E1,2023-10-30,-51,XOM,Energy,95.94307708740234
E1,2023-10-31,-50,XOM,Energy,95.9158935546875
E1,2023-11-01,-49,XOM,Energy,95.72560119628906
E1,2023-11-02,-48,XOM,Energy,98.86994934082031
E1,2023-11-03,-47,XOM,Energy,97.66476440429688
E1,2023-11-06,-46,XOM,Energy,95.93402862548828
E1,2023-11-07,-45,XOM,Energy,94.4298095703125
E1,2023-11-08,-44,XOM,Energy,93.26993560791016
E1,2023-11-09,-43,XOM,Energy,93.29713439941406
E1,2023-11-10,-42,XOM,Energy,94.01297760009766
E1,2023-11-13,-41,XOM,Energy,95.00067901611328
E1,2023-11-14,-40,XOM,Energy,95.36646270751953
E1,2023-11-15,-39,XOM,Energy,94.79036712646484
E1,2023-11-16,-38,XOM,Energy,93.69303894042969
E1,2023-11-17,-37,XOM,Energy,95.97914123535156
E1,2023-11-20,-36,XOM,Energy,95.55850219726562
E1,2023-11-21,-35,XOM,Energy,95.52191162109375
E1,2023-11-22,-34,XOM,Energy,95.11042022705078
E1,2023-11-24,-33,XOM,Energy,95.62250518798828
E1,2023-11-27,-32,XOM,Energy,95.06471252441406
E1,2023-11-28,-31,XOM,Energy,95.00984191894531
E1,2023-11-29,-30,XOM,Energy,93.58330535888672
E1,2023-11-30,-29,XOM,Energy,93.94908142089844
E1,2023-12-01,-28,XOM,Energy,94.1777114868164
E1,2023-12-04,-27,XOM,Energy,93.66561889648438
E1,2023-12-05,-26,XOM,Energy,91.84589385986328
E1,2023-12-06,-25,XOM,Energy,90.62969970703125
E1,2023-12-07,-24,XOM,Energy,89.99873352050781
E1,2023-12-08,-23,XOM,Energy,91.03204345703125
E1,2023-12-11,-22,XOM,Energy,91.09606170654297
E1,2023-12-12,-21,XOM,Energy,89.66039276123047
E1,2023-12-13,-20,XOM,Energy,90.45594024658203
E1,2023-12-14,-19,XOM,Energy,92.88835144042969
E1,2023-12-15,-18,XOM,Energy,92.26653289794922
E1,2023-12-18,-17,XOM,Energy,92.95235443115234
E1,2023-12-19,-16,XOM,Energy,94.1777114868164
E1,2023-12-20,-15,XOM,Energy,92.60487365722656
E1,2023-12-21,-14,XOM,Energy,93.02552032470703
E1,2023-12-22,-13,XOM,Energy,93.19012451171875
E1,2023-12-26,-12,XOM,Energy,93.40043640136719
E1,2023-12-27,-11,XOM,Energy,92.96150970458984
E1,2023-12-28,-10,XOM,Energy,91.6172866821289
E1,2023-12-29,-9,XOM,Energy,91.42524719238281
E1,2024-01-02,-8,XOM,Energy,93.60161590576172
E1,2024-01-03,-7,XOM,Energy,94.38801574707031
E1,2024-01-04,-6,XOM,Energy,93.56502532958984
E1,2024-01-05,-5,XOM,Energy,93.8484878540039
E1,2024-01-08,-4,XOM,Energy,92.2848129272461
E1,2024-01-09,-3,XOM,Energy,91.14176940917969
E1,2024-01-10,-2,XOM,Energy,90.2456283569336
E1,2024-01-11,-1,XOM,Energy,90.22733306884766
E1,2024-01-12,0,XOM,Energy,91.39781188964844
E1,2024-01-16,1,XOM,Energy,89.33119201660156
E1,2024-01-17,2,XOM,Energy,88.68193054199219
E1,2024-01-18,3,XOM,Energy,88.5173568725586
E1,2024-01-19,4,XOM,Energy,88.65451049804688
E1,2024-01-22,5,XOM,Energy,88.53563690185547
E1,2024-01-23,6,XOM,Energy,89.53236389160156
E1,2024-01-24,7,XOM,Energy,91.0777587890625
E1,2024-01-25,8,XOM,Energy,93.39128875732422
E1,2024-01-26,9,XOM,Energy,94.18683624267578
E1,2024-01-29,10,XOM,Energy,94.30571746826172
E1,2023-10-03,-70,ITA,Defense,101.85200500488281
E1,2023-10-04,-69,ITA,Defense,101.41134643554688
E1,2023-10-05,-68,ITA,Defense,101.01963806152344
E1,2023-10-06,-67,ITA,Defense,101.93033599853516
E1,2023-10-09,-66,ITA,Defense,106.46427154541016
E1,2023-10-10,-65,ITA,Defense,107.22809600830078
E1,2023-10-11,-64,ITA,Defense,107.8744125366211
E1,2023-10-12,-63,ITA,Defense,106.55240631103516
E1,2023-10-13,-62,ITA,Defense,106.40552520751953
E1,2023-10-16,-61,ITA,Defense,107.06163024902344
E1,2023-10-17,-60,ITA,Defense,107.38478088378906
E1,2023-10-18,-59,ITA,Defense,107.04202270507812
E1,2023-10-19,-58,ITA,Defense,106.00402069091797
E1,2023-10-20,-57,ITA,Defense,104.6624526977539
E1,2023-10-23,-56,ITA,Defense,104.59390258789062
E1,2023-10-24,-55,ITA,Defense,105.690673828125
E1,2023-10-25,-54,ITA,Defense,105.49481964111328
E1,2023-10-26,-53,ITA,Defense,105.80817413330078
E1,2023-10-27,-52,ITA,Defense,105.02478790283203
E1,2023-10-30,-51,ITA,Defense,105.48503875732422
E1,2023-10-31,-50,ITA,Defense,107.58064270019531
E1,2023-11-01,-49,ITA,Defense,108.27588653564453
E1,2023-11-02,-48,ITA,Defense,110.489013671875
E1,2023-11-03,-47,ITA,Defense,111.06675720214844
E1,2023-11-06,-46,ITA,Defense,110.77300262451172
E1,2023-11-07,-45,ITA,Defense,110.57714080810547
E1,2023-11-08,-44,ITA,Defense,110.42045593261719
E1,2023-11-09,-43,ITA,Defense,110.43024444580078
E1,2023-11-10,-42,ITA,Defense,111.59556579589844
E1,2023-11-13,-41,ITA,Defense,112.8979721069336
E1,2023-11-14,-40,ITA,Defense,113.76950073242188
E1,2023-11-15,-39,ITA,Defense,113.75970458984375
E1,2023-11-16,-38,ITA,Defense,113.27008056640625
E1,2023-11-17,-37,ITA,Defense,113.34842681884766
E1,2023-11-20,-36,ITA,Defense,114.59207153320312
E1,2023-11-21,-35,ITA,Defense,114.72917938232422
E1,2023-11-22,-34,ITA,Defense,115.51256561279297
E1,2023-11-24,-33,ITA,Defense,116.03157806396484
E1,2023-11-27,-32,ITA,Defense,115.41464233398438
E1,2023-11-28,-31,ITA,Defense,115.47339630126953
E1,2023-11-29,-30,ITA,Defense,115.35588836669922
E1,2023-11-30,-29,ITA,Defense,117.37315368652344
E1,2023-12-01,-28,ITA,Defense,118.76368713378906
E1,2023-12-04,-27,ITA,Defense,119.7037582397461
E1,2023-12-05,-26,ITA,Defense,118.66576385498047
E1,2023-12-06,-25,ITA,Defense,119.05746459960938
E1,2023-12-07,-24,ITA,Defense,118.83223724365234
E1,2023-12-08,-23,ITA,Defense,119.7429428100586
E1,2023-12-11,-22,ITA,Defense,120.90825653076172
E1,2023-12-12,-21,ITA,Defense,121.21182250976562
E1,2023-12-13,-20,ITA,Defense,122.98424530029297
E1,2023-12-14,-19,ITA,Defense,122.25961303710938
E1,2023-12-15,-18,ITA,Defense,122.31837463378906
E1,2023-12-18,-17,ITA,Defense,122.5436019897461
E1,2023-12-19,-16,ITA,Defense,123.83621215820312
E1,2023-12-20,-15,ITA,Defense,121.85426330566406
E1,2023-12-21,-14,ITA,Defense,123.0235824584961
E1,2023-12-22,-13,ITA,Defense,123.73106384277344
E1,2023-12-26,-12,ITA,Defense,124.39924621582031
E1,2023-12-27,-11,ITA,Defense,124.47785949707031
E1,2023-12-28,-10,ITA,Defense,124.4090805053711
E1,2023-12-29,-9,ITA,Defense,124.39924621582031
E1,2024-01-02,-8,ITA,Defense,123.2594223022461
E1,2024-01-03,-7,ITA,Defense,121.57913208007812
E1,2024-01-04,-6,ITA,Defense,121.5693130493164
E1,2024-01-05,-5,ITA,Defense,121.6872329711914
E1,2024-01-08,-4,ITA,Defense,120.30174255371094
E1,2024-01-09,-3,ITA,Defense,119.35842895507812
E1,2024-01-10,-2,ITA,Defense,120.13469696044922
E1,2024-01-11,-1,ITA,Defense,119.35842895507812
E1,2024-01-12,0,ITA,Defense,120.21331787109375
E1,2024-01-16,1,ITA,Defense,117.22615051269531
E1,2024-01-17,2,ITA,Defense,117.24579620361328
E1,2024-01-18,3,ITA,Defense,119.10294342041016
E1,2024-01-19,4,ITA,Defense,119.59424591064453
E1,2024-01-22,5,ITA,Defense,120.04625701904297
E1,2024-01-23,6,ITA,Defense,120.30174255371094
E1,2024-01-24,7,ITA,Defense,120.63581085205078
E1,2024-01-25,8,ITA,Defense,119.5549545288086
E1,2024-01-26,9,ITA,Defense,119.91851806640625
E1,2024-01-29,10,ITA,Defense,120.13469696044922
E1,2023-10-03,-70,LMT,Defense,372.8022155761719
E1,2023-10-04,-69,LMT,Defense,370.4942626953125
E1,2023-10-05,-68,LMT,Defense,366.8200988769531
E1,2023-10-06,-67,LMT,Defense,369.9403991699219
E1,2023-10-09,-66,LMT,Defense,402.9897766113281
E1,2023-10-10,-65,LMT,Defense,401.66961669921875
E1,2023-10-11,-64,LMT,Defense,403.10052490234375
E1,2023-10-12,-63,LMT,Defense,400.783447265625
E1,2023-10-13,-62,LMT,Defense,407.17169189453125
E1,2023-10-16,-61,LMT,Defense,406.5716857910156
E1,2023-10-17,-60,LMT,Defense,407.2363586425781
E1,2023-10-18,-59,LMT,Defense,411.7967529296875
E1,2023-10-19,-58,LMT,Defense,414.6678161621094
E1,2023-10-20,-57,LMT,Defense,410.0427551269531
E1,2023-10-23,-56,LMT,Defense,411.8798522949219
E1,2023-10-24,-55,LMT,Defense,407.02398681640625
E1,2023-10-25,-54,LMT,Defense,413.2923278808594
E1,2023-10-26,-53,LMT,Defense,411.70440673828125
E1,2023-10-27,-52,LMT,Defense,409.32269287109375
E1,2023-10-30,-51,LMT,Defense,411.5844421386719
E1,2023-10-31,-50,LMT,Defense,419.7082824707031
E1,2023-11-01,-49,LMT,Defense,417.6219787597656
E1,2023-11-02,-48,LMT,Defense,422.8470764160156
E1,2023-11-03,-47,LMT,Defense,418.5081481933594
E1,2023-11-06,-46,LMT,Defense,416.4956970214844
E1,2023-11-07,-45,LMT,Defense,415.5633239746094
E1,2023-11-08,-44,LMT,Defense,410.4951171875
E1,2023-11-09,-43,LMT,Defense,408.4641418457031
E1,2023-11-10,-42,LMT,Defense,410.6889953613281
E1,2023-11-13,-41,LMT,Defense,410.836669921875
E1,2023-11-14,-40,LMT,Defense,410.0888977050781
E1,2023-11-15,-39,LMT,Defense,410.938232421875
E1,2023-11-16,-38,LMT,Defense,411.3536682128906
E1,2023-11-17,-37,LMT,Defense,410.5135498046875
E1,2023-11-20,-36,LMT,Defense,409.7104187011719
E1,2023-11-21,-35,LMT,Defense,413.71697998046875
E1,2023-11-22,-34,LMT,Defense,415.7940979003906
E1,2023-11-24,-33,LMT,Defense,417.2803955078125
E1,2023-11-27,-32,LMT,Defense,411.2613220214844
E1,2023-11-28,-31,LMT,Defense,413.8277282714844
E1,2023-11-29,-30,LMT,Defense,410.8182373046875
E1,2023-11-30,-29,LMT,Defense,416.31298828125
E1,2023-12-01,-28,LMT,Defense,417.8377990722656
E1,2023-12-04,-27,LMT,Defense,419.02789306640625
E1,2023-12-05,-26,LMT,Defense,414.8905334472656
E1,2023-12-06,-25,LMT,Defense,417.8377990722656
E1,2023-12-07,-24,LMT,Defense,415.69940185546875
E1,2023-12-08,-23,LMT,Defense,416.54547119140625
E1,2023-12-11,-22,LMT,Defense,419.5578308105469
E1,2023-12-12,-21,LMT,Defense,419.9018249511719
E1,2023-12-13,-20,LMT,Defense,419.72515869140625
E1,2023-12-14,-19,LMT,Defense,413.9885559082031
E1,2023-12-15,-18,LMT,Defense,410.7717590332031
E1,2023-12-18,-17,LMT,Defense,415.51348876953125
E1,2023-12-19,-16,LMT,Defense,416.3315734863281
E1,2023-12-20,-15,LMT,Defense,411.50616455078125
E1,2023-12-21,-14,LMT,Defense,416.54547119140625
E1,2023-12-22,-13,LMT,Defense,416.7313537597656
E1,2023-12-26,-12,LMT,Defense,418.5536804199219
E1,2023-12-27,-11,LMT,Defense,417.4287414550781
E1,2023-12-28,-10,LMT,Defense,419.52996826171875
E1,2023-12-29,-9,LMT,Defense,421.3987121582031
E1,2024-01-02,-8,LMT,Defense,424.076416015625
E1,2024-01-03,-7,LMT,Defense,426.8656311035156
E1,2024-01-04,-6,LMT,Defense,425.70343017578125
E1,2024-01-05,-5,LMT,Defense,424.4297180175781
E1,2024-01-08,-4,LMT,Defense,426.3822021484375
E1,2024-01-09,-3,LMT,Defense,424.23443603515625
E1,2024-01-10,-2,LMT,Defense,423.4069519042969
E1,2024-01-11,-1,LMT,Defense,421.2964172363281
E1,2024-01-12,0,LMT,Defense,430.640380859375
E1,2024-01-16,1,LMT,Defense,425.6755676269531
E1,2024-01-17,2,LMT,Defense,424.4017639160156
E1,2024-01-18,3,LMT,Defense,427.28399658203125
E1,2024-01-19,4,LMT,Defense,425.6011962890625
E1,2024-01-22,5,LMT,Defense,426.53094482421875
E1,2024-01-23,6,LMT,Defense,408.7820739746094
E1,2024-01-24,7,LMT,Defense,401.3254699707031
E1,2024-01-25,8,LMT,Defense,400.75836181640625
E1,2024-01-26,9,LMT,Defense,399.70770263671875
E1,2024-01-29,10,LMT,Defense,397.9411926269531
E1,2023-10-03,-70,JETS,Airlines,16.256845474243164
E1,2023-10-04,-69,JETS,Airlines,16.584163665771484
E1,2023-10-05,-68,JETS,Airlines,16.55440902709961
E1,2023-10-06,-67,JETS,Airlines,16.633758544921875
E1,2023-10-09,-66,JETS,Airlines,16.207252502441406
E1,2023-10-10,-65,JETS,Airlines,16.48497772216797
E1,2023-10-11,-64,JETS,Airlines,16.475059509277344
E1,2023-10-12,-63,JETS,Airlines,16.09814453125
E1,2023-10-13,-62,JETS,Airlines,15.77082633972168
E1,2023-10-16,-61,JETS,Airlines,16.018795013427734
E1,2023-10-17,-60,JETS,Airlines,16.068389892578125
E1,2023-10-18,-59,JETS,Airlines,15.364157676696777
E1,2023-10-19,-58,JETS,Airlines,15.245132446289062
E1,2023-10-20,-57,JETS,Airlines,15.007081985473633
E1,2023-10-23,-56,JETS,Airlines,15.066594123840332
E1,2023-10-24,-55,JETS,Airlines,15.017001152038574
E1,2023-10-25,-54,JETS,Airlines,14.749194145202637
E1,2023-10-26,-53,JETS,Airlines,14.878138542175293
E1,2023-10-27,-52,JETS,Airlines,14.620250701904297
E1,2023-10-30,-51,JETS,Airlines,14.907894134521484
E1,2023-10-31,-50,JETS,Airlines,14.798788070678711
E1,2023-11-01,-49,JETS,Airlines,14.719438552856445
E1,2023-11-02,-48,JETS,Airlines,15.20545768737793
E1,2023-11-03,-47,JETS,Airlines,15.810501098632812
E1,2023-11-06,-46,JETS,Airlines,15.542695045471191
E1,2023-11-07,-45,JETS,Airlines,15.5724515914917
E1,2023-11-08,-44,JETS,Airlines,15.721233367919922
E1,2023-11-09,-43,JETS,Airlines,15.383995056152344
E1,2023-11-10,-42,JETS,Airlines,15.562532424926758
E1,2023-11-13,-41,JETS,Airlines,15.582369804382324
E1,2023-11-14,-40,JETS,Airlines,16.326276779174805
E1,2023-11-15,-39,JETS,Airlines,16.564327239990234
E1,2023-11-16,-38,JETS,Airlines,16.306440353393555
E1,2023-11-17,-37,JETS,Airlines,16.584163665771484
E1,2023-11-20,-36,JETS,Airlines,16.802377700805664
E1,2023-11-21,-35,JETS,Airlines,16.50481414794922
E1,2023-11-22,-34,JETS,Airlines,16.613920211791992
E1,2023-11-24,-33,JETS,Airlines,16.673433303833008
E1,2023-11-27,-32,JETS,Airlines,16.465139389038086
E1,2023-11-28,-31,JETS,Airlines,16.534570693969727
E1,2023-11-29,-30,JETS,Airlines,16.613920211791992
E1,2023-11-30,-29,JETS,Airlines,16.7230281829834
E1,2023-12-01,-28,JETS,Airlines,17.179290771484375
E1,2023-12-04,-27,JETS,Airlines,17.913278579711914
E1,2023-12-05,-26,JETS,Airlines,17.63555335998535
E1,2023-12-06,-25,JETS,Airlines,17.962873458862305
E1,2023-12-07,-24,JETS,Airlines,18.3992977142334
E1,2023-12-08,-23,JETS,Airlines,18.290191650390625
E1,2023-12-11,-22,JETS,Airlines,18.290191650390625
E1,2023-12-12,-21,JETS,Airlines,18.478647232055664
E1,2023-12-13,-20,JETS,Airlines,18.597673416137695
E1,2023-12-14,-19,JETS,Airlines,19.10352897644043
E1,2023-12-15,-18,JETS,Airlines,19.024179458618164
E1,2023-12-18,-17,JETS,Airlines,18.84564208984375
E1,2023-12-19,-16,JETS,Airlines,19.05393409729004
E1,2023-12-20,-15,JETS,Airlines,18.7464542388916
E1,2023-12-21,-14,JETS,Airlines,19.123367309570312
E1,2023-12-22,-13,JETS,Airlines,19.182880401611328
E1,2023-12-26,-12,JETS,Airlines,19.073772430419922
E1,2023-12-27,-11,JETS,Airlines,19.024179458618164
E1,2023-12-28,-10,JETS,Airlines,19.113449096679688
E1,2023-12-29,-9,JETS,Airlines,18.875398635864258
E1,2024-01-02,-8,JETS,Airlines,18.587753295898438
E1,2024-01-03,-7,JETS,Airlines,17.863685607910156
E1,2024-01-04,-6,JETS,Airlines,18.23067855834961
E1,2024-01-05,-5,JETS,Airlines,18.617511749267578
E1,2024-01-08,-4,JETS,Airlines,18.98450469970703
E1,2024-01-09,-3,JETS,Airlines,18.855560302734375
E1,2024-01-10,-2,JETS,Airlines,18.91507339477539
E1,2024-01-11,-1,JETS,Airlines,18.974584579467773
E1,2024-01-12,0,JETS,Airlines,18.012466430664062
E1,2024-01-16,1,JETS,Airlines,17.75457763671875
E1,2024-01-17,2,JETS,Airlines,17.417339324951172
E1,2024-01-18,3,JETS,Airlines,18.06205940246582
E1,2024-01-19,4,JETS,Airlines,17.962873458862305
E1,2024-01-22,5,JETS,Airlines,17.952953338623047
E1,2024-01-23,6,JETS,Airlines,18.36954116821289
E1,2024-01-24,7,JETS,Airlines,18.498485565185547
E1,2024-01-25,8,JETS,Airlines,19.063854217529297
E1,2024-01-26,9,JETS,Airlines,18.96466827392578
E1,2024-01-29,10,JETS,Airlines,19.034099578857422
E1,2023-10-03,-70,DAL,Airlines,34.086952209472656
E1,2023-10-04,-69,DAL,Airlines,34.880130767822266
E1,2023-10-05,-68,DAL,Airlines,35.24769973754883
E1,2023-10-06,-67,DAL,Airlines,35.789363861083984
E1,2023-10-09,-66,DAL,Airlines,34.125640869140625
E1,2023-10-10,-65,DAL,Airlines,34.65765380859375
E1,2023-10-11,-64,DAL,Airlines,34.900142669677734
E1,2023-10-12,-63,DAL,Airlines,34.095062255859375
E1,2023-10-13,-62,DAL,Airlines,33.07657241821289
E1,2023-10-16,-61,DAL,Airlines,33.386962890625
E1,2023-10-17,-60,DAL,Airlines,33.639163970947266
E1,2023-10-18,-59,DAL,Airlines,32.145381927490234
E1,2023-10-19,-58,DAL,Airlines,31.728286743164062
E1,2023-10-20,-57,DAL,Airlines,31.262691497802734
E1,2023-10-23,-56,DAL,Airlines,31.07839584350586
E1,2023-10-24,-55,DAL,Airlines,31.058996200561523
E1,2023-10-25,-54,DAL,Airlines,30.467304229736328
E1,2023-10-26,-53,DAL,Airlines,30.651601791381836
E1,2023-10-27,-52,DAL,Airlines,29.73011589050293
E1,2023-10-30,-51,DAL,Airlines,30.292705535888672
E1,2023-10-31,-50,DAL,Airlines,30.312108993530273
E1,2023-11-01,-49,DAL,Airlines,30.17630958557129
E1,2023-11-02,-48,DAL,Airlines,31.058996200561523
E1,2023-11-03,-47,DAL,Airlines,32.349082946777344
E1,2023-11-06,-46,DAL,Airlines,31.931983947753906
E1,2023-11-07,-45,DAL,Airlines,32.43637466430664
E1,2023-11-08,-44,DAL,Airlines,33.14447021484375
E1,2023-11-09,-43,DAL,Airlines,32.47517395019531
E1,2023-11-10,-42,DAL,Airlines,33.03777313232422
E1,2023-11-13,-41,DAL,Airlines,33.14447021484375
E1,2023-11-14,-40,DAL,Airlines,34.18235397338867
E1,2023-11-15,-39,DAL,Airlines,34.68674850463867
E1,2023-11-16,-38,DAL,Airlines,34.444252014160156
E1,2023-11-17,-37,DAL,Airlines,34.977752685546875
E1,2023-11-20,-36,DAL,Airlines,35.404544830322266
E1,2023-11-21,-35,DAL,Airlines,34.80314636230469
E1,2023-11-22,-34,DAL,Airlines,34.87105178833008
E1,2023-11-24,-33,DAL,Airlines,35.016544342041016
E1,2023-11-27,-32,DAL,Airlines,34.76435089111328
E1,2023-11-28,-31,DAL,Airlines,34.95834732055664
E1,2023-11-29,-30,DAL,Airlines,35.540340423583984
E1,2023-11-30,-29,DAL,Airlines,35.82163619995117
E1,2023-12-01,-28,DAL,Airlines,36.90802001953125
E1,2023-12-04,-27,DAL,Airlines,37.014713287353516
E1,2023-12-05,-26,DAL,Airlines,36.48122787475586
E1,2023-12-06,-25,DAL,Airlines,37.77131271362305
E1,2023-12-07,-24,DAL,Airlines,39.12929153442383
E1,2023-12-08,-23,DAL,Airlines,39.13898849487305
E1,2023-12-11,-22,DAL,Airlines,39.294189453125
E1,2023-12-12,-21,DAL,Airlines,40.00227737426758
E1,2023-12-13,-20,DAL,Airlines,39.95377731323242
E1,2023-12-14,-19,DAL,Airlines,41.1662712097168
E1,2023-12-15,-18,DAL,Airlines,41.06926345825195
E1,2023-12-18,-17,DAL,Airlines,39.9440803527832
E1,2023-12-19,-16,DAL,Airlines,39.91497802734375
E1,2023-12-20,-15,DAL,Airlines,39.12929153442383
E1,2023-12-21,-14,DAL,Airlines,39.8858757019043
E1,2023-12-22,-13,DAL,Airlines,39.89557647705078
E1,2023-12-26,-12,DAL,Airlines,39.536685943603516
E1,2023-12-27,-11,DAL,Airlines,39.371788024902344
E1,2023-12-28,-10,DAL,Airlines,39.410587310791016
E1,2023-12-29,-9,DAL,Airlines,39.02259826660156
E1,2024-01-02,-8,DAL,Airlines,39.23599624633789
E1,2024-01-03,-7,DAL,Airlines,37.57731246948242
E1,2024-01-04,-6,DAL,Airlines,38.023502349853516
E1,2024-01-05,-5,DAL,Airlines,39.32329559326172
E1,2024-01-08,-4,DAL,Airlines,40.380577087402344
E1,2024-01-09,-3,DAL,Airlines,41.04986572265625
E1,2024-01-10,-2,DAL,Airlines,40.84616470336914
E1,2024-01-11,-1,DAL,Airlines,40.99166488647461
E1,2024-01-12,0,DAL,Airlines,37.31541442871094
E1,2024-01-16,1,DAL,Airlines,36.345420837402344
E1,2024-01-17,2,DAL,Airlines,36.025325775146484
E1,2024-01-18,3,DAL,Airlines,36.94681930541992
E1,2024-01-19,4,DAL,Airlines,36.161128997802734
E1,2024-01-22,5,DAL,Airlines,35.87013244628906
E1,2024-01-23,6,DAL,Airlines,36.86922073364258
E1,2024-01-24,7,DAL,Airlines,37.04381561279297
E1,2024-01-25,8,DAL,Airlines,38.97409439086914
E1,2024-01-26,9,DAL,Airlines,38.44059753417969
E1,2024-01-29,10,DAL,Airlines,38.88679504394531
E1,2023-10-03,-70,BNO,Controls,31.719999313354492
E1,2023-10-04,-69,BNO,Controls,29.989999771118164
E1,2023-10-05,-68,BNO,Controls,29.290000915527344
E1,2023-10-06,-67,BNO,Controls,29.389999389648438
E1,2023-10-09,-66,BNO,Controls,30.690000534057617
E1,2023-10-10,-65,BNO,Controls,30.479999542236328
E1,2023-10-11,-64,BNO,Controls,30.059999465942383
E1,2023-10-12,-63,BNO,Controls,30.110000610351562
E1,2023-10-13,-62,BNO,Controls,31.670000076293945
E1,2023-10-16,-61,BNO,Controls,31.3700008392334
E1,2023-10-17,-60,BNO,Controls,31.479999542236328
E1,2023-10-18,-59,BNO,Controls,31.84000015258789
E1,2023-10-19,-58,BNO,Controls,32.5099983215332
E1,2023-10-20,-57,BNO,Controls,32.16999816894531
E1,2023-10-23,-56,BNO,Controls,31.540000915527344
E1,2023-10-24,-55,BNO,Controls,30.81999969482422
E1,2023-10-25,-54,BNO,Controls,31.459999084472656
E1,2023-10-26,-53,BNO,Controls,30.899999618530273
E1,2023-10-27,-52,BNO,Controls,31.440000534057617
E1,2023-10-30,-51,BNO,Controls,30.68000030517578
E1,2023-10-31,-50,BNO,Controls,30.200000762939453
E1,2023-11-01,-49,BNO,Controls,30.079999923706055
E1,2023-11-02,-48,BNO,Controls,30.700000762939453
E1,2023-11-03,-47,BNO,Controls,30.190000534057617
E1,2023-11-06,-46,BNO,Controls,30.190000534057617
E1,2023-11-07,-45,BNO,Controls,28.959999084472656
E1,2023-11-08,-44,BNO,Controls,28.270000457763672
E1,2023-11-09,-43,BNO,Controls,28.299999237060547
E1,2023-11-10,-42,BNO,Controls,28.899999618530273
E1,2023-11-13,-41,BNO,Controls,29.350000381469727
E1,2023-11-14,-40,BNO,Controls,29.25
E1,2023-11-15,-39,BNO,Controls,28.719999313354492
E1,2023-11-16,-38,BNO,Controls,27.469999313354492
E1,2023-11-17,-37,BNO,Controls,28.530000686645508
E1,2023-11-20,-36,BNO,Controls,29.139999389648438
E1,2023-11-21,-35,BNO,Controls,29.290000915527344
E1,2023-11-22,-34,BNO,Controls,28.940000534057617
E1,2023-11-24,-33,BNO,Controls,28.700000762939453
E1,2023-11-27,-32,BNO,Controls,28.389999389648438
E1,2023-11-28,-31,BNO,Controls,28.889999389648438
E1,2023-11-29,-30,BNO,Controls,29.360000610351562
E1,2023-11-30,-29,BNO,Controls,28.43000030517578
E1,2023-12-01,-28,BNO,Controls,28.049999237060547
E1,2023-12-04,-27,BNO,Controls,27.799999237060547
E1,2023-12-05,-26,BNO,Controls,27.450000762939453
E1,2023-12-06,-25,BNO,Controls,26.40999984741211
E1,2023-12-07,-24,BNO,Controls,26.469999313354492
E1,2023-12-08,-23,BNO,Controls,26.950000762939453
E1,2023-12-11,-22,BNO,Controls,27.06999969482422
E1,2023-12-12,-21,BNO,Controls,26.09000015258789
E1,2023-12-13,-20,BNO,Controls,26.540000915527344
E1,2023-12-14,-19,BNO,Controls,27.299999237060547
E1,2023-12-15,-18,BNO,Controls,27.309999465942383
E1,2023-12-18,-17,BNO,Controls,27.790000915527344
E1,2023-12-19,-16,BNO,Controls,28.299999237060547
E1,2023-12-20,-15,BNO,Controls,28.09000015258789
E1,2023-12-21,-14,BNO,Controls,28.1299991607666
E1,2023-12-22,-13,BNO,Controls,28.010000228881836
E1,2023-12-26,-12,BNO,Controls,28.610000610351562
E1,2023-12-27,-11,BNO,Controls,28.190000534057617
E1,2023-12-28,-10,BNO,Controls,27.479999542236328
E1,2023-12-29,-9,BNO,Controls,27.309999465942383
E1,2024-01-02,-8,BNO,Controls,27.0
E1,2024-01-03,-7,BNO,Controls,27.920000076293945
E1,2024-01-04,-6,BNO,Controls,27.610000610351562
E1,2024-01-05,-5,BNO,Controls,28.049999237060547
E1,2024-01-08,-4,BNO,Controls,27.190000534057617
E1,2024-01-09,-3,BNO,Controls,27.56999969482422
E1,2024-01-10,-2,BNO,Controls,27.299999237060547
E1,2024-01-11,-1,BNO,Controls,27.700000762939453
E1,2024-01-12,0,BNO,Controls,27.899999618530273
E1,2024-01-16,1,BNO,Controls,27.700000762939453
E1,2024-01-17,2,BNO,Controls,27.799999237060547
E1,2024-01-18,3,BNO,Controls,28.1299991607666
E1,2024-01-19,4,BNO,Controls,28.079999923706055
E1,2024-01-22,5,BNO,Controls,28.459999084472656
E1,2024-01-23,6,BNO,Controls,28.40999984741211
E1,2024-01-24,7,BNO,Controls,28.670000076293945
E1,2024-01-25,8,BNO,Controls,29.34000015258789
E1,2024-01-26,9,BNO,Controls,29.799999237060547
E1,2024-01-29,10,BNO,Controls,29.40999984741211
E1,2023-10-03,-70,GLD,Controls,169.16000366210938
E1,2023-10-04,-69,GLD,Controls,169.13999938964844
E1,2023-10-05,-68,GLD,Controls,168.8300018310547
E1,2023-10-06,-67,GLD,Controls,169.6999969482422
E1,2023-10-09,-66,GLD,Controls,172.82000732421875
E1,2023-10-10,-65,GLD,Controls,172.52999877929688
E1,2023-10-11,-64,GLD,Controls,173.7899932861328
E1,2023-10-12,-63,GLD,Controls,173.25999450683594
E1,2023-10-13,-62,GLD,Controls,178.8300018310547
E1,2023-10-16,-61,GLD,Controls,177.9600067138672
E1,2023-10-17,-60,GLD,Controls,178.2899932861328
E1,2023-10-18,-59,GLD,Controls,180.8699951171875
E1,2023-10-19,-58,GLD,Controls,183.08999633789062
E1,2023-10-20,-57,GLD,Controls,183.58999633789062
E1,2023-10-23,-56,GLD,Controls,182.97000122070312
E1,2023-10-24,-55,GLD,Controls,182.9499969482422
E1,2023-10-25,-54,GLD,Controls,183.72000122070312
E1,2023-10-26,-53,GLD,Controls,184.00999450683594
E1,2023-10-27,-52,GLD,Controls,186.14999389648438
E1,2023-10-30,-51,GLD,Controls,185.10000610351562
E1,2023-10-31,-50,GLD,Controls,184.08999633789062
E1,2023-11-01,-49,GLD,Controls,183.50999450683594
E1,2023-11-02,-48,GLD,Controls,184.1199951171875
E1,2023-11-03,-47,GLD,Controls,184.7899932861328
E1,2023-11-06,-46,GLD,Controls,183.35000610351562
E1,2023-11-07,-45,GLD,Controls,182.58999633789062
E1,2023-11-08,-44,GLD,Controls,180.77000427246094
E1,2023-11-09,-43,GLD,Controls,181.49000549316406
E1,2023-11-10,-42,GLD,Controls,179.50999450683594
E1,2023-11-13,-41,GLD,Controls,180.50999450683594
E1,2023-11-14,-40,GLD,Controls,182.1199951171875
E1,2023-11-15,-39,GLD,Controls,181.63999938964844
E1,2023-11-16,-38,GLD,Controls,183.69000244140625
E1,2023-11-17,-37,GLD,Controls,183.6699981689453
E1,2023-11-20,-36,GLD,Controls,183.3699951171875
E1,2023-11-21,-35,GLD,Controls,185.35000610351562
E1,2023-11-22,-34,GLD,Controls,184.55999755859375
E1,2023-11-24,-33,GLD,Controls,185.52000427246094
E1,2023-11-27,-32,GLD,Controls,186.77000427246094
E1,2023-11-28,-31,GLD,Controls,189.25999450683594
E1,2023-11-29,-30,GLD,Controls,189.5399932861328
E1,2023-11-30,-29,GLD,Controls,188.75
E1,2023-12-01,-28,GLD,Controls,192.00999450683594
E1,2023-12-04,-27,GLD,Controls,187.86000061035156
E1,2023-12-05,-26,GLD,Controls,187.14999389648438
E1,2023-12-06,-25,GLD,Controls,187.83999633789062
E1,2023-12-07,-24,GLD,Controls,188.14999389648438
E1,2023-12-08,-23,GLD,Controls,185.63999938964844
E1,2023-12-11,-22,GLD,Controls,183.58999633789062
E1,2023-12-12,-21,GLD,Controls,183.49000549316406
E1,2023-12-13,-20,GLD,Controls,187.6300048828125
E1,2023-12-14,-19,GLD,Controls,188.72999572753906
E1,2023-12-15,-18,GLD,Controls,187.0
E1,2023-12-18,-17,GLD,Controls,187.85000610351562
E1,2023-12-19,-16,GLD,Controls,189.1300048828125
E1,2023-12-20,-15,GLD,Controls,188.10000610351562
E1,2023-12-21,-14,GLD,Controls,189.42999267578125
E1,2023-12-22,-13,GLD,Controls,190.27000427246094
E1,2023-12-26,-12,GLD,Controls,191.72000122070312
E1,2023-12-27,-11,GLD,Controls,192.58999633789062
E1,2023-12-28,-10,GLD,Controls,191.47000122070312
E1,2023-12-29,-9,GLD,Controls,191.1699981689453
E1,2024-01-02,-8,GLD,Controls,190.72000122070312
E1,2024-01-03,-7,GLD,Controls,189.1300048828125
E1,2024-01-04,-6,GLD,Controls,189.32000732421875
E1,2024-01-05,-5,GLD,Controls,189.35000610351562
E1,2024-01-08,-4,GLD,Controls,187.8699951171875
E1,2024-01-09,-3,GLD,Controls,187.92999267578125
E1,2024-01-10,-2,GLD,Controls,187.5
E1,2024-01-11,-1,GLD,Controls,187.8699951171875
E1,2024-01-12,0,GLD,Controls,189.7100067138672
E1,2024-01-16,1,GLD,Controls,187.91000366210938
E1,2024-01-17,2,GLD,Controls,185.83999633789062
E1,2024-01-18,3,GLD,Controls,187.3699951171875
E1,2024-01-19,4,GLD,Controls,187.92999267578125
E1,2024-01-22,5,GLD,Controls,187.22000122070312
E1,2024-01-23,6,GLD,Controls,187.9499969482422
E1,2024-01-24,7,GLD,Controls,186.39999389648438
E1,2024-01-25,8,GLD,Controls,187.13999938964844
E1,2024-01-26,9,GLD,Controls,187.00999450683594
E1,2024-01-29,10,GLD,Controls,188.3300018310547
E2,2024-01-03,-70,^GSPC,Benchmark,4704.81005859375
E2,2024-01-04,-69,^GSPC,Benchmark,4688.68017578125
E2,2024-01-05,-68,^GSPC,Benchmark,4697.240234375
E2,2024-01-08,-67,^GSPC,Benchmark,4763.5400390625
E2,2024-01-09,-66,^GSPC,Benchmark,4756.5
E2,2024-01-10,-65,^GSPC,Benchmark,4783.4501953125
E2,2024-01-11,-64,^GSPC,Benchmark,4780.240234375
E2,2024-01-12,-63,^GSPC,Benchmark,4783.830078125
E2,2024-01-16,-62,^GSPC,Benchmark,4765.97998046875
E2,2024-01-17,-61,^GSPC,Benchmark,4739.2099609375
E2,2024-01-18,-60,^GSPC,Benchmark,4780.93994140625
E2,2024-01-19,-59,^GSPC,Benchmark,4839.81005859375
E2,2024-01-22,-58,^GSPC,Benchmark,4850.43017578125
E2,2024-01-23,-57,^GSPC,Benchmark,4864.60009765625
E2,2024-01-24,-56,^GSPC,Benchmark,4868.5498046875
E2,2024-01-25,-55,^GSPC,Benchmark,4894.16015625
E2,2024-01-26,-54,^GSPC,Benchmark,4890.97021484375
E2,2024-01-29,-53,^GSPC,Benchmark,4927.93017578125
E2,2024-01-30,-52,^GSPC,Benchmark,4924.97021484375
E2,2024-01-31,-51,^GSPC,Benchmark,4845.64990234375
E2,2024-02-01,-50,^GSPC,Benchmark,4906.18994140625
E2,2024-02-02,-49,^GSPC,Benchmark,4958.60986328125
E2,2024-02-05,-48,^GSPC,Benchmark,4942.81005859375
E2,2024-02-06,-47,^GSPC,Benchmark,4954.22998046875
E2,2024-02-07,-46,^GSPC,Benchmark,4995.06005859375
E2,2024-02-08,-45,^GSPC,Benchmark,4997.91015625
E2,2024-02-09,-44,^GSPC,Benchmark,5026.60986328125
E2,2024-02-12,-43,^GSPC,Benchmark,5021.83984375
E2,2024-02-13,-42,^GSPC,Benchmark,4953.169921875
E2,2024-02-14,-41,^GSPC,Benchmark,5000.6201171875
E2,2024-02-15,-40,^GSPC,Benchmark,5029.72998046875
E2,2024-02-16,-39,^GSPC,Benchmark,5005.56982421875
E2,2024-02-20,-38,^GSPC,Benchmark,4975.509765625
E2,2024-02-21,-37,^GSPC,Benchmark,4981.7998046875
E2,2024-02-22,-36,^GSPC,Benchmark,5087.02978515625
E2,2024-02-23,-35,^GSPC,Benchmark,5088.7998046875
E2,2024-02-26,-34,^GSPC,Benchmark,5069.52978515625
E2,2024-02-27,-33,^GSPC,Benchmark,5078.18017578125
E2,2024-02-28,-32,^GSPC,Benchmark,5069.759765625
E2,2024-02-29,-31,^GSPC,Benchmark,5096.27001953125
E2,2024-03-01,-30,^GSPC,Benchmark,5137.080078125
E2,2024-03-04,-29,^GSPC,Benchmark,5130.9501953125
E2,2024-03-05,-28,^GSPC,Benchmark,5078.64990234375
E2,2024-03-06,-27,^GSPC,Benchmark,5104.759765625
E2,2024-03-07,-26,^GSPC,Benchmark,5157.35986328125
E2,2024-03-08,-25,^GSPC,Benchmark,5123.68994140625
E2,2024-03-11,-24,^GSPC,Benchmark,5117.93994140625
E2,2024-03-12,-23,^GSPC,Benchmark,5175.27001953125
E2,2024-03-13,-22,^GSPC,Benchmark,5165.31005859375
E2,2024-03-14,-21,^GSPC,Benchmark,5150.47998046875
E2,2024-03-15,-20,^GSPC,Benchmark,5117.08984375
E2,2024-03-18,-19,^GSPC,Benchmark,5149.419921875
E2,2024-03-19,-18,^GSPC,Benchmark,5178.509765625
E2,2024-03-20,-17,^GSPC,Benchmark,5224.6201171875
E2,2024-03-21,-16,^GSPC,Benchmark,5241.52978515625
E2,2024-03-22,-15,^GSPC,Benchmark,5234.18017578125
E2,2024-03-25,-14,^GSPC,Benchmark,5218.18994140625
E2,2024-03-26,-13,^GSPC,Benchmark,5203.580078125
E2,2024-03-27,-12,^GSPC,Benchmark,5248.490234375
E2,2024-03-28,-11,^GSPC,Benchmark,5254.35009765625
E2,2024-04-01,-10,^GSPC,Benchmark,5243.77001953125
E2,2024-04-02,-9,^GSPC,Benchmark,5205.81005859375
E2,2024-04-03,-8,^GSPC,Benchmark,5211.490234375
E2,2024-04-04,-7,^GSPC,Benchmark,5147.2099609375
E2,2024-04-05,-6,^GSPC,Benchmark,5204.33984375
E2,2024-04-08,-5,^GSPC,Benchmark,5202.39013671875
E2,2024-04-09,-4,^GSPC,Benchmark,5209.91015625
E2,2024-04-10,-3,^GSPC,Benchmark,5160.64013671875
E2,2024-04-11,-2,^GSPC,Benchmark,5199.06005859375
E2,2024-04-12,-1,^GSPC,Benchmark,5123.41015625
E2,2024-04-15,0,^GSPC,Benchmark,5061.81982421875
E2,2024-04-16,1,^GSPC,Benchmark,5051.41015625
E2,2024-04-17,2,^GSPC,Benchmark,5022.2099609375
E2,2024-04-18,3,^GSPC,Benchmark,5011.1201171875
E2,2024-04-19,4,^GSPC,Benchmark,4967.22998046875
E2,2024-04-22,5,^GSPC,Benchmark,5010.60009765625
E2,2024-04-23,6,^GSPC,Benchmark,5070.5498046875
E2,2024-04-24,7,^GSPC,Benchmark,5071.6298828125
E2,2024-04-25,8,^GSPC,Benchmark,5048.419921875
E2,2024-04-26,9,^GSPC,Benchmark,5099.9599609375
E2,2024-04-29,10,^GSPC,Benchmark,5116.169921875
E2,2024-01-03,-70,^VIX,Benchmark,14.039999961853027
E2,2024-01-04,-69,^VIX,Benchmark,14.130000114440918
E2,2024-01-05,-68,^VIX,Benchmark,13.350000381469727
E2,2024-01-08,-67,^VIX,Benchmark,13.079999923706055
E2,2024-01-09,-66,^VIX,Benchmark,12.760000228881836
E2,2024-01-10,-65,^VIX,Benchmark,12.6899995803833
E2,2024-01-11,-64,^VIX,Benchmark,12.4399995803833
E2,2024-01-12,-63,^VIX,Benchmark,12.699999809265137
E2,2024-01-16,-62,^VIX,Benchmark,13.84000015258789
E2,2024-01-17,-61,^VIX,Benchmark,14.789999961853027
E2,2024-01-18,-60,^VIX,Benchmark,14.130000114440918
E2,2024-01-19,-59,^VIX,Benchmark,13.300000190734863
E2,2024-01-22,-58,^VIX,Benchmark,13.1899995803833
E2,2024-01-23,-57,^VIX,Benchmark,12.550000190734863
E2,2024-01-24,-56,^VIX,Benchmark,13.140000343322754
E2,2024-01-25,-55,^VIX,Benchmark,13.449999809265137
E2,2024-01-26,-54,^VIX,Benchmark,13.260000228881836
E2,2024-01-29,-53,^VIX,Benchmark,13.600000381469727
E2,2024-01-30,-52,^VIX,Benchmark,13.3100004196167
E2,2024-01-31,-51,^VIX,Benchmark,14.350000381469727
E2,2024-02-01,-50,^VIX,Benchmark,13.880000114440918
E2,2024-02-02,-49,^VIX,Benchmark,13.850000381469727
E2,2024-02-05,-48,^VIX,Benchmark,13.670000076293945
E2,2024-02-06,-47,^VIX,Benchmark,13.0600004196167
E2,2024-02-07,-46,^VIX,Benchmark,12.829999923706055
E2,2024-02-08,-45,^VIX,Benchmark,12.789999961853027
E2,2024-02-09,-44,^VIX,Benchmark,12.930000305175781
E2,2024-02-12,-43,^VIX,Benchmark,13.930000305175781
E2,2024-02-13,-42,^VIX,Benchmark,15.850000381469727
E2,2024-02-14,-41,^VIX,Benchmark,14.380000114440918
E2,2024-02-15,-40,^VIX,Benchmark,14.010000228881836
E2,2024-02-16,-39,^VIX,Benchmark,14.239999771118164
E2,2024-02-20,-38,^VIX,Benchmark,15.420000076293945
E2,2024-02-21,-37,^VIX,Benchmark,15.34000015258789
E2,2024-02-22,-36,^VIX,Benchmark,14.539999961853027
E2,2024-02-23,-35,^VIX,Benchmark,13.75
E2,2024-02-26,-34,^VIX,Benchmark,13.739999771118164
E2,2024-02-27,-33,^VIX,Benchmark,13.430000305175781
E2,2024-02-28,-32,^VIX,Benchmark,13.84000015258789
E2,2024-02-29,-31,^VIX,Benchmark,13.399999618530273
E2,2024-03-01,-30,^VIX,Benchmark,13.109999656677246
E2,2024-03-04,-29,^VIX,Benchmark,13.489999771118164
E2,2024-03-05,-28,^VIX,Benchmark,14.460000038146973
E2,2024-03-06,-27,^VIX,Benchmark,14.5
E2,2024-03-07,-26,^VIX,Benchmark,14.4399995803833
E2,2024-03-08,-25,^VIX,Benchmark,14.739999771118164
E2,2024-03-11,-24,^VIX,Benchmark,15.220000267028809
E2,2024-03-12,-23,^VIX,Benchmark,13.84000015258789
E2,2024-03-13,-22,^VIX,Benchmark,13.75
E2,2024-03-14,-21,^VIX,Benchmark,14.399999618530273
E2,2024-03-15,-20,^VIX,Benchmark,14.40999984741211
E2,2024-03-18,-19,^VIX,Benchmark,14.329999923706055
E2,2024-03-19,-18,^VIX,Benchmark,13.819999694824219
E2,2024-03-20,-17,^VIX,Benchmark,13.039999961853027
E2,2024-03-21,-16,^VIX,Benchmark,12.920000076293945
E2,2024-03-22,-15,^VIX,Benchmark,13.0600004196167
E2,2024-03-25,-14,^VIX,Benchmark,13.1899995803833
E2,2024-03-26,-13,^VIX,Benchmark,13.239999771118164
E2,2024-03-27,-12,^VIX,Benchmark,12.779999732971191
E2,2024-03-28,-11,^VIX,Benchmark,13.010000228881836
E2,2024-04-01,-10,^VIX,Benchmark,13.649999618530273
E2,2024-04-02,-9,^VIX,Benchmark,14.609999656677246
E2,2024-04-03,-8,^VIX,Benchmark,14.329999923706055
E2,2024-04-04,-7,^VIX,Benchmark,16.350000381469727
E2,2024-04-05,-6,^VIX,Benchmark,16.030000686645508
E2,2024-04-08,-5,^VIX,Benchmark,15.1899995803833
E2,2024-04-09,-4,^VIX,Benchmark,14.979999542236328
E2,2024-04-10,-3,^VIX,Benchmark,15.800000190734863
E2,2024-04-11,-2,^VIX,Benchmark,14.90999984741211
E2,2024-04-12,-1,^VIX,Benchmark,17.309999465942383
E2,2024-04-15,0,^VIX,Benchmark,19.229999542236328
E2,2024-04-16,1,^VIX,Benchmark,18.399999618530273
E2,2024-04-17,2,^VIX,Benchmark,18.209999084472656
E2,2024-04-18,3,^VIX,Benchmark,18.0
E2,2024-04-19,4,^VIX,Benchmark,18.709999084472656
E2,2024-04-22,5,^VIX,Benchmark,16.940000534057617
E2,2024-04-23,6,^VIX,Benchmark,15.6899995803833
E2,2024-04-24,7,^VIX,Benchmark,15.970000267028809
E2,2024-04-25,8,^VIX,Benchmark,15.369999885559082
E2,2024-04-26,9,^VIX,Benchmark,15.029999732971191
E2,2024-04-29,10,^VIX,Benchmark,14.670000076293945
E2,2024-01-03,-70,XLE,Energy,39.78196334838867
E2,2024-01-04,-69,XLE,Energy,39.08443832397461
E2,2024-01-05,-68,XLE,Energy,39.11677169799805
E2,2024-01-08,-67,XLE,Energy,38.664066314697266
E2,2024-01-09,-66,XLE,Energy,38.04507827758789
E2,2024-01-10,-65,XLE,Energy,37.67091751098633
E2,2024-01-11,-64,XLE,Energy,37.767921447753906
E2,2024-01-12,-63,XLE,Energy,38.19289779663086
E2,2024-01-16,-62,XLE,Energy,37.28288269042969
E2,2024-01-17,-61,XLE,Energy,36.973388671875
E2,2024-01-18,-60,XLE,Energy,36.9133415222168
E2,2024-01-19,-59,XLE,Energy,37.0334358215332
E2,2024-01-22,-58,XLE,Energy,37.172027587890625
E2,2024-01-23,-57,XLE,Energy,37.25054931640625
E2,2024-01-24,-56,XLE,Energy,37.78178024291992
E2,2024-01-25,-55,XLE,Energy,38.631736755371094
E2,2024-01-26,-54,XLE,Energy,38.918148040771484
E2,2024-01-29,-53,XLE,Energy,38.86271286010742
E2,2024-01-30,-52,XLE,Energy,39.264591217041016
E2,2024-01-31,-51,XLE,Energy,38.53011703491211
E2,2024-02-01,-50,XLE,Energy,38.525489807128906
E2,2024-02-02,-49,XLE,Energy,38.580928802490234
E2,2024-02-05,-48,XLE,Energy,38.48391342163086
E2,2024-02-06,-47,XLE,Energy,38.608642578125
E2,2024-02-07,-46,XLE,Energy,38.68717575073242
E2,2024-02-08,-45,XLE,Energy,39.08443832397461
E2,2024-02-09,-44,XLE,Energy,38.48391342163086
E2,2024-02-12,-43,XLE,Energy,38.908905029296875
E2,2024-02-13,-42,XLE,Energy,38.51625442504883
E2,2024-02-14,-41,XLE,Energy,38.47929382324219
E2,2024-02-15,-40,XLE,Energy,39.550994873046875
E2,2024-02-16,-39,XLE,Energy,39.52789306640625
E2,2024-02-20,-38,XLE,Energy,39.16758728027344
E2,2024-02-21,-37,XLE,Energy,39.902061462402344
E2,2024-02-22,-36,XLE,Energy,39.971351623535156
E2,2024-02-23,-35,XLE,Energy,39.70804977416992
E2,2024-02-26,-34,XLE,Energy,39.84663772583008
E2,2024-02-27,-33,XLE,Energy,39.675716400146484
E2,2024-02-28,-32,XLE,Energy,39.59718704223633
E2,2024-02-29,-31,XLE,Energy,39.791202545166016
E2,2024-03-01,-30,XLE,Energy,40.25313186645508
E2,2024-03-04,-29,XLE,Energy,39.82353973388672
E2,2024-03-05,-28,XLE,Energy,40.11917495727539
E2,2024-03-06,-27,XLE,Energy,40.243896484375
E2,2024-03-07,-26,XLE,Energy,40.585731506347656
E2,2024-03-08,-25,XLE,Energy,40.72892761230469
E2,2024-03-11,-24,XLE,Energy,41.149295806884766
E2,2024-03-12,-23,XLE,Energy,41.08462142944336
E2,2024-03-13,-22,XLE,Energy,41.740577697753906
E2,2024-03-14,-21,XLE,Energy,42.17017364501953
E2,2024-03-15,-20,XLE,Energy,42.29489517211914
E2,2024-03-18,-19,XLE,Energy,42.44111633300781
E2,2024-03-19,-18,XLE,Energy,42.925411224365234
E2,2024-03-20,-17,XLE,Energy,42.8648796081543
E2,2024-03-21,-16,XLE,Energy,43.12099075317383
E2,2024-03-22,-15,XLE,Energy,43.027862548828125
E2,2024-03-25,-14,XLE,Energy,43.428340911865234
E2,2024-03-26,-13,XLE,Energy,43.09305191040039
E2,2024-03-27,-12,XLE,Energy,43.4935302734375
E2,2024-03-28,-11,XLE,Energy,43.9638557434082
E2,2024-04-01,-10,XLE,Energy,44.28981399536133
E2,2024-04-02,-9,XLE,Energy,44.90916442871094
E2,2024-04-03,-8,XLE,Energy,45.21650695800781
E2,2024-04-04,-7,XLE,Energy,45.18856430053711
E2,2024-04-05,-6,XLE,Energy,45.67286682128906
E2,2024-04-08,-5,XLE,Energy,45.38414764404297
E2,2024-04-09,-4,XLE,Energy,45.39811325073242
E2,2024-04-10,-3,XLE,Energy,45.537818908691406
E2,2024-04-11,-2,XLE,Energy,45.50522232055664
E2,2024-04-12,-1,XLE,Energy,44.76479721069336
E2,2024-04-15,0,XLE,Energy,44.345706939697266
E2,2024-04-16,1,XLE,Energy,43.959197998046875
E2,2024-04-17,2,XLE,Energy,43.83346176147461
E2,2024-04-18,3,XLE,Energy,43.69841384887695
E2,2024-04-19,4,XLE,Energy,44.224632263183594
E2,2024-04-22,5,XLE,Energy,44.513343811035156
E2,2024-04-23,6,XLE,Energy,44.760154724121094
E2,2024-04-24,7,XLE,Energy,44.79274368286133
E2,2024-04-25,8,XLE,Energy,44.997642517089844
E2,2024-04-26,9,XLE,Energy,44.58319854736328
E2,2024-04-29,10,XLE,Energy,44.88587951660156
E2,2024-01-03,-70,XOM,Energy,94.38801574707031
E2,2024-01-04,-69,XOM,Energy,93.56502532958984
E2,2024-01-05,-68,XOM,Energy,93.8484878540039
E2,2024-01-08,-67,XOM,Energy,92.2848129272461
E2,2024-01-09,-66,XOM,Energy,91.14176940917969
E2,2024-01-10,-65,XOM,Energy,90.2456283569336
E2,2024-01-11,-64,XOM,Energy,90.22733306884766
E2,2024-01-12,-63,XOM,Energy,91.39781188964844
E2,2024-01-16,-62,XOM,Energy,89.33119201660156
E2,2024-01-17,-61,XOM,Energy,88.68193054199219
E2,2024-01-18,-60,XOM,Energy,88.5173568725586
E2,2024-01-19,-59,XOM,Energy,88.65451049804688
E2,2024-01-22,-58,XOM,Energy,88.53563690185547
E2,2024-01-23,-57,XOM,Energy,89.53236389160156
E2,2024-01-24,-56,XOM,Energy,91.0777587890625
E2,2024-01-25,-55,XOM,Energy,93.39128875732422
E2,2024-01-26,-54,XOM,Energy,94.18683624267578
E2,2024-01-29,-53,XOM,Energy,94.30571746826172
E2,2024-01-30,-52,XOM,Energy,95.8785400390625
E2,2024-01-31,-51,XOM,Energy,94.01309967041016
E2,2024-02-01,-50,XOM,Energy,93.62904357910156
E2,2024-02-02,-49,XOM,Energy,93.2449722290039
E2,2024-02-05,-48,XOM,Energy,92.86090850830078
E2,2024-02-06,-47,XOM,Energy,93.50102233886719
E2,2024-02-07,-46,XOM,Energy,93.47358703613281
E2,2024-02-08,-45,XOM,Energy,95.07383728027344
E2,2024-02-09,-44,XOM,Energy,93.06208038330078
E2,2024-02-12,-43,XOM,Energy,94.34228515625
E2,2024-02-13,-42,XOM,Energy,93.53010559082031
E2,2024-02-14,-41,XOM,Energy,93.06864929199219
E2,2024-02-15,-40,XOM,Energy,95.73593139648438
E2,2024-02-16,-39,XOM,Energy,95.73593139648438
E2,2024-02-20,-38,XOM,Energy,94.83145141601562
E2,2024-02-21,-37,XOM,Energy,96.76960754394531
E2,2024-02-22,-36,XOM,Energy,96.6865463256836
E2,2024-02-23,-35,XOM,Energy,95.83744049072266
E2,2024-02-26,-34,XOM,Energy,96.21585845947266
E2,2024-02-27,-33,XOM,Energy,96.0127944946289
E2,2024-02-28,-32,XOM,Energy,96.28046417236328
E2,2024-02-29,-31,XOM,Energy,96.46503448486328
E2,2024-03-01,-30,XOM,Energy,97.68331909179688
E2,2024-03-04,-29,XOM,Energy,96.31737518310547
E2,2024-03-05,-28,XOM,Energy,97.49871826171875
E2,2024-03-06,-27,XOM,Energy,98.54164123535156
E2,2024-03-07,-26,XOM,Energy,99.09540557861328
E2,2024-03-08,-25,XOM,Energy,100.0275650024414
E2,2024-03-11,-24,XOM,Energy,100.61824035644531
E2,2024-03-12,-23,XOM,Energy,99.9721908569336
E2,2024-03-13,-22,XOM,Energy,101.08892059326172
E2,2024-03-14,-21,XOM,Energy,102.87943267822266
E2,2024-03-15,-20,XOM,Energy,102.69483947753906
E2,2024-03-18,-19,XOM,Energy,103.64546203613281
E2,2024-03-19,-18,XOM,Energy,104.37458038330078
E2,2024-03-20,-17,XOM,Energy,104.28228759765625
E2,2024-03-21,-16,XOM,Energy,104.7437515258789
E2,2024-03-22,-15,XOM,Energy,104.7437515258789
E2,2024-03-25,-14,XOM,Energy,105.81436920166016
E2,2024-03-26,-13,XOM,Energy,105.02063751220703
E2,2024-03-27,-12,XOM,Energy,106.10970306396484
E2,2024-03-28,-11,XOM,Energy,107.28182983398438
E2,2024-04-01,-10,XOM,Energy,107.97402954101562
E2,2024-04-02,-9,XOM,Energy,110.08753967285156
E2,2024-04-03,-8,XOM,Energy,110.10601043701172
E2,2024-04-04,-7,XOM,Energy,110.4936294555664
E2,2024-04-05,-6,XOM,Energy,112.01648712158203
E2,2024-04-08,-5,XOM,Energy,111.25967407226562
E2,2024-04-09,-4,XOM,Energy,111.84112548828125
E2,2024-04-10,-3,XOM,Energy,112.78250122070312
E2,2024-04-11,-2,XOM,Energy,112.40410614013672
E2,2024-04-12,-1,XOM,Energy,111.09354400634766
E2,2024-04-15,0,XOM,Energy,110.45671844482422
E2,2024-04-16,1,XOM,Energy,109.54301452636719
E2,2024-04-17,2,XOM,Energy,109.48763275146484
E2,2024-04-18,3,XOM,Energy,109.38611602783203
E2,2024-04-19,4,XOM,Energy,110.64129638671875
E2,2024-04-22,5,XOM,Energy,111.2688980102539
E2,2024-04-23,6,XOM,Energy,111.70267486572266
E2,2024-04-24,7,XOM,Energy,111.72113800048828
E2,2024-04-25,8,XOM,Energy,111.97956848144531
E2,2024-04-26,9,XOM,Energy,108.86927795410156
E2,2024-04-29,10,XOM,Energy,110.41979217529297
E2,2024-01-03,-70,ITA,Defense,121.57913208007812
E2,2024-01-04,-69,ITA,Defense,121.5693130493164
E2,2024-01-05,-68,ITA,Defense,121.6872329711914
E2,2024-01-08,-67,ITA,Defense,120.30174255371094
E2,2024-01-09,-66,ITA,Defense,119.35842895507812
E2,2024-01-10,-65,ITA,Defense,120.13469696044922
E2,2024-01-11,-64,ITA,Defense,119.35842895507812
E2,2024-01-12,-63,ITA,Defense,120.21331787109375
E2,2024-01-16,-62,ITA,Defense,117.22615051269531
E2,2024-01-17,-61,ITA,Defense,117.24579620361328
E2,2024-01-18,-60,ITA,Defense,119.10294342041016
E2,2024-01-19,-59,ITA,Defense,119.59424591064453
E2,2024-01-22,-58,ITA,Defense,120.04625701904297
E2,2024-01-23,-57,ITA,Defense,120.30174255371094
E2,2024-01-24,-56,ITA,Defense,120.63581085205078
E2,2024-01-25,-55,ITA,Defense,119.5549545288086
E2,2024-01-26,-54,ITA,Defense,119.91851806640625
E2,2024-01-29,-53,ITA,Defense,120.13469696044922
E2,2024-01-30,-52,ITA,Defense,119.9676513671875
E2,2024-01-31,-51,ITA,Defense,120.5179214477539
E2,2024-02-01,-50,ITA,Defense,121.5496597290039
E2,2024-02-02,-49,ITA,Defense,121.48088073730469
E2,2024-02-05,-48,ITA,Defense,121.03870391845703
E2,2024-02-06,-47,ITA,Defense,121.95252990722656
E2,2024-02-07,-46,ITA,Defense,122.8565444946289
E2,2024-02-08,-45,ITA,Defense,122.28662109375
E2,2024-02-09,-44,ITA,Defense,122.49298095703125
E2,2024-02-12,-43,ITA,Defense,122.71898651123047
E2,2024-02-13,-42,ITA,Defense,121.94271087646484
E2,2024-02-14,-41,ITA,Defense,123.14149475097656
E2,2024-02-15,-40,ITA,Defense,124.04549407958984
E2,2024-02-16,-39,ITA,Defense,123.45594024658203
E2,2024-02-20,-38,ITA,Defense,123.24959564208984
E2,2024-02-21,-37,ITA,Defense,123.3380126953125
E2,2024-02-22,-36,ITA,Defense,123.7900390625
E2,2024-02-23,-35,ITA,Defense,124.22237396240234
E2,2024-02-26,-34,ITA,Defense,124.03569030761719
E2,2024-02-27,-33,ITA,Defense,124.18306732177734
E2,2024-02-28,-32,ITA,Defense,125.90263366699219
E2,2024-02-29,-31,ITA,Defense,125.6570053100586
E2,2024-03-01,-30,ITA,Defense,125.66682434082031
E2,2024-03-04,-29,ITA,Defense,126.63961791992188
E2,2024-03-05,-28,ITA,Defense,126.51187133789062
E2,2024-03-06,-27,ITA,Defense,127.27832794189453
E2,2024-03-07,-26,ITA,Defense,127.6124038696289
E2,2024-03-08,-25,ITA,Defense,126.93438720703125
E2,2024-03-11,-24,ITA,Defense,125.70613098144531
E2,2024-03-12,-23,ITA,Defense,124.74314880371094
E2,2024-03-13,-22,ITA,Defense,124.74314880371094
E2,2024-03-14,-21,ITA,Defense,124.56629943847656
E2,2024-03-15,-20,ITA,Defense,124.9986343383789
E2,2024-03-18,-19,ITA,Defense,124.87091064453125
E2,2024-03-19,-18,ITA,Defense,126.01074981689453
E2,2024-03-20,-17,ITA,Defense,127.42570495605469
E2,2024-03-21,-16,ITA,Defense,127.5989761352539
E2,2024-03-22,-15,ITA,Defense,128.10116577148438
E2,2024-03-25,-14,ITA,Defense,128.21932983398438
E2,2024-03-26,-13,ITA,Defense,127.98299407958984
E2,2024-03-27,-12,ITA,Defense,129.82427978515625
E2,2024-03-28,-11,ITA,Defense,129.90304565429688
E2,2024-04-01,-10,ITA,Defense,128.87905883789062
E2,2024-04-02,-9,ITA,Defense,128.22914123535156
E2,2024-04-03,-8,ITA,Defense,127.66792297363281
E2,2024-04-04,-7,ITA,Defense,128.17007446289062
E2,2024-04-05,-6,ITA,Defense,129.33193969726562
E2,2024-04-08,-5,ITA,Defense,129.05625915527344
E2,2024-04-09,-4,ITA,Defense,127.68760681152344
E2,2024-04-10,-3,ITA,Defense,127.23468017578125
E2,2024-04-11,-2,ITA,Defense,127.17562103271484
E2,2024-04-12,-1,ITA,Defense,125.75772094726562
E2,2024-04-15,0,ITA,Defense,125.09803009033203
E2,2024-04-16,1,ITA,Defense,125.69864654541016
E2,2024-04-17,2,ITA,Defense,125.55095672607422
E2,2024-04-18,3,ITA,Defense,125.501708984375
E2,2024-04-19,4,ITA,Defense,126.03341674804688
E2,2024-04-22,5,ITA,Defense,126.52574157714844
E2,2024-04-23,6,ITA,Defense,127.38238525390625
E2,2024-04-24,7,ITA,Defense,126.53558349609375
E2,2024-04-25,8,ITA,Defense,127.02790069580078
E2,2024-04-26,9,ITA,Defense,127.53993225097656
E2,2024-04-29,10,ITA,Defense,129.11534118652344
E2,2024-01-03,-70,LMT,Defense,426.8656311035156
E2,2024-01-04,-69,LMT,Defense,425.70343017578125
E2,2024-01-05,-68,LMT,Defense,424.4297180175781
E2,2024-01-08,-67,LMT,Defense,426.3822021484375
E2,2024-01-09,-66,LMT,Defense,424.23443603515625
E2,2024-01-10,-65,LMT,Defense,423.4069519042969
E2,2024-01-11,-64,LMT,Defense,421.2964172363281
E2,2024-01-12,-63,LMT,Defense,430.640380859375
E2,2024-01-16,-62,LMT,Defense,425.6755676269531
E2,2024-01-17,-61,LMT,Defense,424.4017639160156
E2,2024-01-18,-60,LMT,Defense,427.28399658203125
E2,2024-01-19,-59,LMT,Defense,425.6011962890625
E2,2024-01-22,-58,LMT,Defense,426.53094482421875
E2,2024-01-23,-57,LMT,Defense,408.7820739746094
E2,2024-01-24,-56,LMT,Defense,401.3254699707031
E2,2024-01-25,-55,LMT,Defense,400.75836181640625
E2,2024-01-26,-54,LMT,Defense,399.70770263671875
E2,2024-01-29,-53,LMT,Defense,397.9411926269531
E2,2024-01-30,-52,LMT,Defense,401.35333251953125
E2,2024-01-31,-51,LMT,Defense,399.2428894042969
E2,2024-02-01,-50,LMT,Defense,399.5774841308594
E2,2024-02-02,-49,LMT,Defense,396.0445251464844
E2,2024-02-05,-48,LMT,Defense,392.0744934082031
E2,2024-02-06,-47,LMT,Defense,396.95562744140625
E2,2024-02-07,-46,LMT,Defense,399.8843688964844
E2,2024-02-08,-45,LMT,Defense,397.00213623046875
E2,2024-02-09,-44,LMT,Defense,396.53729248046875
E2,2024-02-12,-43,LMT,Defense,397.9969787597656
E2,2024-02-13,-42,LMT,Defense,396.5558166503906
E2,2024-02-14,-41,LMT,Defense,388.8110656738281
E2,2024-02-15,-40,LMT,Defense,393.3946838378906
E2,2024-02-16,-39,LMT,Defense,394.2780456542969
E2,2024-02-20,-38,LMT,Defense,394.4639587402344
E2,2024-02-21,-37,LMT,Defense,397.5135192871094
E2,2024-02-22,-36,LMT,Defense,398.7593994140625
E2,2024-02-23,-35,LMT,Defense,400.8327331542969
E2,2024-02-26,-34,LMT,Defense,399.02899169921875
E2,2024-02-27,-33,LMT,Defense,400.1911315917969
E2,2024-02-28,-32,LMT,Defense,402.09716796875
E2,2024-02-29,-31,LMT,Defense,401.0762939453125
E2,2024-03-01,-30,LMT,Defense,399.4092102050781
E2,2024-03-04,-29,LMT,Defense,404.5415954589844
E2,2024-03-05,-28,LMT,Defense,404.5791015625
E2,2024-03-06,-27,LMT,Defense,405.9839782714844
E2,2024-03-07,-26,LMT,Defense,402.71527099609375
E2,2024-03-08,-25,LMT,Defense,405.440673828125
E2,2024-03-11,-24,LMT,Defense,407.1733703613281
E2,2024-03-12,-23,LMT,Defense,407.32318115234375
E2,2024-03-13,-22,LMT,Defense,407.03289794921875
E2,2024-03-14,-21,LMT,Defense,408.128662109375
E2,2024-03-15,-20,LMT,Defense,408.175537109375
E2,2024-03-18,-19,LMT,Defense,405.7217102050781
E2,2024-03-19,-18,LMT,Defense,409.4585266113281
E2,2024-03-20,-17,LMT,Defense,412.4743347167969
E2,2024-03-21,-16,LMT,Defense,415.0499267578125
E2,2024-03-22,-15,LMT,Defense,417.597412109375
E2,2024-03-25,-14,LMT,Defense,418.0001525878906
E2,2024-03-26,-13,LMT,Defense,417.70037841796875
E2,2024-03-27,-12,LMT,Defense,427.80596923828125
E2,2024-03-28,-11,LMT,Defense,426.01715087890625
E2,2024-04-01,-10,LMT,Defense,424.069091796875
E2,2024-04-02,-9,LMT,Defense,424.49053955078125
E2,2024-04-03,-8,LMT,Defense,419.4892578125
E2,2024-04-04,-7,LMT,Defense,425.2398376464844
E2,2024-04-05,-6,LMT,Defense,426.4947814941406
E2,2024-04-08,-5,LMT,Defense,423.68505859375
E2,2024-04-09,-4,LMT,Defense,419.18017578125
E2,2024-04-10,-3,LMT,Defense,423.05755615234375
E2,2024-04-11,-2,LMT,Defense,423.6288757324219
E2,2024-04-12,-1,LMT,Defense,421.8306579589844
E2,2024-04-15,0,LMT,Defense,424.3406982421875
E2,2024-04-16,1,LMT,Defense,425.4926452636719
E2,2024-04-17,2,LMT,Defense,427.12225341796875
E2,2024-04-18,3,LMT,Defense,427.1597595214844
E2,2024-04-19,4,LMT,Defense,434.4462585449219
E2,2024-04-22,5,LMT,Defense,432.06732177734375
E2,2024-04-23,6,LMT,Defense,430.8966369628906
E2,2024-04-24,7,LMT,Defense,430.01629638671875
E2,2024-04-25,8,LMT,Defense,435.298583984375
E2,2024-04-26,9,LMT,Defense,432.0299072265625
E2,2024-04-29,10,LMT,Defense,437.892822265625
E2,2024-01-03,-70,JETS,Airlines,17.863685607910156
E2,2024-01-04,-69,JETS,Airlines,18.23067855834961
E2,2024-01-05,-68,JETS,Airlines,18.617511749267578
E2,2024-01-08,-67,JETS,Airlines,18.98450469970703
E2,2024-01-09,-66,JETS,Airlines,18.855560302734375
E2,2024-01-10,-65,JETS,Airlines,18.91507339477539
E2,2024-01-11,-64,JETS,Airlines,18.974584579467773
E2,2024-01-12,-63,JETS,Airlines,18.012466430664062
E2,2024-01-16,-62,JETS,Airlines,17.75457763671875
E2,2024-01-17,-61,JETS,Airlines,17.417339324951172
E2,2024-01-18,-60,JETS,Airlines,18.06205940246582
E2,2024-01-19,-59,JETS,Airlines,17.962873458862305
E2,2024-01-22,-58,JETS,Airlines,17.952953338623047
E2,2024-01-23,-57,JETS,Airlines,18.36954116821289
E2,2024-01-24,-56,JETS,Airlines,18.498485565185547
E2,2024-01-25,-55,JETS,Airlines,19.063854217529297
E2,2024-01-26,-54,JETS,Airlines,18.96466827392578
E2,2024-01-29,-53,JETS,Airlines,19.034099578857422
E2,2024-01-30,-52,JETS,Airlines,18.7464542388916
E2,2024-01-31,-51,JETS,Airlines,18.597673416137695
E2,2024-02-01,-50,JETS,Airlines,18.895235061645508
E2,2024-02-02,-49,JETS,Airlines,18.994422912597656
E2,2024-02-05,-48,JETS,Airlines,18.637348175048828
E2,2024-02-06,-47,JETS,Airlines,19.262229919433594
E2,2024-02-07,-46,JETS,Airlines,19.2919864654541
E2,2024-02-08,-45,JETS,Airlines,19.470521926879883
E2,2024-02-09,-44,JETS,Airlines,19.539955139160156
E2,2024-02-12,-43,JETS,Airlines,19.69865608215332
E2,2024-02-13,-42,JETS,Airlines,19.51019859313965
E2,2024-02-14,-41,JETS,Airlines,19.86727523803711
E2,2024-02-15,-40,JETS,Airlines,20.065649032592773
E2,2024-02-16,-39,JETS,Airlines,19.827598571777344
E2,2024-02-20,-38,JETS,Airlines,19.916868209838867
E2,2024-02-21,-37,JETS,Airlines,19.877193450927734
E2,2024-02-22,-36,JETS,Airlines,20.135080337524414
E2,2024-02-23,-35,JETS,Airlines,19.97637939453125
E2,2024-02-26,-34,JETS,Airlines,19.966461181640625
E2,2024-02-27,-33,JETS,Airlines,20.04581069946289
E2,2024-02-28,-32,JETS,Airlines,19.946624755859375
E2,2024-02-29,-31,JETS,Airlines,19.996217727661133
E2,2024-03-01,-30,JETS,Airlines,19.93670654296875
E2,2024-03-04,-29,JETS,Airlines,19.877193450927734
E2,2024-03-05,-28,JETS,Airlines,19.877193450927734
E2,2024-03-06,-27,JETS,Airlines,20.135080337524414
E2,2024-03-07,-26,JETS,Airlines,20.14499855041504
E2,2024-03-08,-25,JETS,Airlines,19.93670654296875
E2,2024-03-11,-24,JETS,Airlines,19.85735511779785
E2,2024-03-12,-23,JETS,Airlines,19.430849075317383
E2,2024-03-13,-22,JETS,Airlines,19.559791564941406
E2,2024-03-14,-21,JETS,Airlines,19.4110107421875
E2,2024-03-15,-20,JETS,Airlines,19.500280380249023
E2,2024-03-18,-19,JETS,Airlines,19.490360260009766
E2,2024-03-19,-18,JETS,Airlines,19.490360260009766
E2,2024-03-20,-17,JETS,Airlines,20.055728912353516
E2,2024-03-21,-16,JETS,Airlines,20.234268188476562
E2,2024-03-22,-15,JETS,Airlines,20.164836883544922
E2,2024-03-25,-14,JETS,Airlines,20.204513549804688
E2,2024-03-26,-13,JETS,Airlines,20.283863067626953
E2,2024-03-27,-12,JETS,Airlines,20.779800415039062
E2,2024-03-28,-11,JETS,Airlines,20.839313507080078
E2,2024-04-01,-10,JETS,Airlines,20.680612564086914
E2,2024-04-02,-9,JETS,Airlines,20.184675216674805
E2,2024-04-03,-8,JETS,Airlines,20.0755672454834
E2,2024-04-04,-7,JETS,Airlines,19.80776023864746
E2,2024-04-05,-6,JETS,Airlines,19.95654296875
E2,2024-04-08,-5,JETS,Airlines,20.164836883544922
E2,2024-04-09,-4,JETS,Airlines,20.26402473449707
E2,2024-04-10,-3,JETS,Airlines,19.748249053955078
E2,2024-04-11,-2,JETS,Airlines,19.97637939453125
E2,2024-04-12,-1,JETS,Airlines,19.381256103515625
E2,2024-04-15,0,JETS,Airlines,19.222553253173828
E2,2024-04-16,1,JETS,Airlines,19.212636947631836
E2,2024-04-17,2,JETS,Airlines,19.966461181640625
E2,2024-04-18,3,JETS,Airlines,20.244186401367188
E2,2024-04-19,4,JETS,Airlines,20.293779373168945
E2,2024-04-22,5,JETS,Airlines,20.809555053710938
E2,2024-04-23,6,JETS,Airlines,20.66077423095703
E2,2024-04-24,7,JETS,Airlines,20.26402473449707
E2,2024-04-25,8,JETS,Airlines,20.313617706298828
E2,2024-04-26,9,JETS,Airlines,20.303699493408203
E2,2024-04-29,10,JETS,Airlines,20.392967224121094
E2,2024-01-03,-70,DAL,Airlines,37.57731246948242
E2,2024-01-04,-69,DAL,Airlines,38.023502349853516
E2,2024-01-05,-68,DAL,Airlines,39.32329559326172
E2,2024-01-08,-67,DAL,Airlines,40.380577087402344
E2,2024-01-09,-66,DAL,Airlines,41.04986572265625
E2,2024-01-10,-65,DAL,Airlines,40.84616470336914
E2,2024-01-11,-64,DAL,Airlines,40.99166488647461
E2,2024-01-12,-63,DAL,Airlines,37.31541442871094
E2,2024-01-16,-62,DAL,Airlines,36.345420837402344
E2,2024-01-17,-61,DAL,Airlines,36.025325775146484
E2,2024-01-18,-60,DAL,Airlines,36.94681930541992
E2,2024-01-19,-59,DAL,Airlines,36.161128997802734
E2,2024-01-22,-58,DAL,Airlines,35.87013244628906
E2,2024-01-23,-57,DAL,Airlines,36.86922073364258
E2,2024-01-24,-56,DAL,Airlines,37.04381561279297
E2,2024-01-25,-55,DAL,Airlines,38.97409439086914
E2,2024-01-26,-54,DAL,Airlines,38.44059753417969
E2,2024-01-29,-53,DAL,Airlines,38.88679504394531
E2,2024-01-30,-52,DAL,Airlines,38.33389663696289
E2,2024-01-31,-51,DAL,Airlines,37.965309143066406
E2,2024-02-01,-50,DAL,Airlines,38.56669616699219
E2,2024-02-02,-49,DAL,Airlines,38.780094146728516
E2,2024-02-05,-48,DAL,Airlines,38.06230545043945
E2,2024-02-06,-47,DAL,Airlines,38.97409439086914
E2,2024-02-07,-46,DAL,Airlines,39.003196716308594
E2,2024-02-08,-45,DAL,Airlines,39.13898849487305
E2,2024-02-09,-44,DAL,Airlines,39.294189453125
E2,2024-02-12,-43,DAL,Airlines,39.362091064453125
E2,2024-02-13,-42,DAL,Airlines,38.80919647216797
E2,2024-02-14,-41,DAL,Airlines,39.614288330078125
E2,2024-02-15,-40,DAL,Airlines,39.76948165893555
E2,2024-02-16,-39,DAL,Airlines,38.915889739990234
E2,2024-02-20,-38,DAL,Airlines,39.38148498535156
E2,2024-02-21,-37,DAL,Airlines,39.536685943603516
E2,2024-02-22,-36,DAL,Airlines,40.85586929321289
E2,2024-02-23,-35,DAL,Airlines,40.564178466796875
E2,2024-02-26,-34,DAL,Airlines,40.63224411010742
E2,2024-02-27,-33,DAL,Airlines,40.81696701049805
E2,2024-02-28,-32,DAL,Airlines,40.84614181518555
E2,2024-02-29,-31,DAL,Airlines,41.098941802978516
E2,2024-03-01,-30,DAL,Airlines,40.99198913574219
E2,2024-03-04,-29,DAL,Airlines,40.418338775634766
E2,2024-03-05,-28,DAL,Airlines,40.641963958740234
E2,2024-03-06,-27,DAL,Airlines,40.855873107910156
E2,2024-03-07,-26,DAL,Airlines,41.59481430053711
E2,2024-03-08,-25,DAL,Airlines,41.06977081298828
E2,2024-03-11,-24,DAL,Airlines,41.497589111328125
E2,2024-03-12,-23,DAL,Airlines,41.57535934448242
E2,2024-03-13,-22,DAL,Airlines,42.69350814819336
E2,2024-03-14,-21,DAL,Airlines,41.8670539855957
E2,2024-03-15,-20,DAL,Airlines,41.925392150878906
E2,2024-03-18,-19,DAL,Airlines,42.23652267456055
E2,2024-03-19,-18,DAL,Airlines,42.52821731567383
E2,2024-03-20,-17,DAL,Airlines,44.12278747558594
E2,2024-03-21,-16,DAL,Airlines,44.725608825683594
E2,2024-03-22,-15,DAL,Airlines,44.32696533203125
E2,2024-03-25,-14,DAL,Airlines,44.16167449951172
E2,2024-03-26,-13,DAL,Airlines,44.65754699707031
E2,2024-03-27,-12,DAL,Airlines,45.99931335449219
E2,2024-03-28,-11,DAL,Airlines,46.54380416870117
E2,2024-04-01,-10,DAL,Airlines,46.88410568237305
E2,2024-04-02,-9,DAL,Airlines,45.600677490234375
E2,2024-04-03,-8,DAL,Airlines,45.27981185913086
E2,2024-04-04,-7,DAL,Airlines,44.60893249511719
E2,2024-04-05,-6,DAL,Airlines,44.7839469909668
E2,2024-04-08,-5,DAL,Airlines,45.70762634277344
E2,2024-04-09,-4,DAL,Airlines,46.009037017822266
E2,2024-04-10,-3,DAL,Airlines,44.958961486816406
E2,2024-04-11,-2,DAL,Airlines,46.31045150756836
E2,2024-04-12,-1,DAL,Airlines,45.5617790222168
E2,2024-04-15,0,DAL,Airlines,45.35759735107422
E2,2024-04-16,1,DAL,Airlines,45.26036834716797
E2,2024-04-17,2,DAL,Airlines,46.55352783203125
E2,2024-04-18,3,DAL,Airlines,46.524349212646484
E2,2024-04-19,4,DAL,Airlines,46.25211715698242
E2,2024-04-22,5,DAL,Airlines,47.66193389892578
E2,2024-04-23,6,DAL,Airlines,47.86612319946289
E2,2024-04-24,7,DAL,Airlines,46.611854553222656
E2,2024-04-25,8,DAL,Airlines,48.498111724853516
E2,2024-04-26,9,DAL,Airlines,48.5369987487793
E2,2024-04-29,10,DAL,Airlines,49.05232620239258
E2,2024-01-03,-70,BNO,Controls,27.920000076293945
E2,2024-01-04,-69,BNO,Controls,27.610000610351562
E2,2024-01-05,-68,BNO,Controls,28.049999237060547
E2,2024-01-08,-67,BNO,Controls,27.190000534057617
E2,2024-01-09,-66,BNO,Controls,27.56999969482422
E2,2024-01-10,-65,BNO,Controls,27.299999237060547
E2,2024-01-11,-64,BNO,Controls,27.700000762939453
E2,2024-01-12,-63,BNO,Controls,27.899999618530273
E2,2024-01-16,-62,BNO,Controls,27.700000762939453
E2,2024-01-17,-61,BNO,Controls,27.799999237060547
E2,2024-01-18,-60,BNO,Controls,28.1299991607666
E2,2024-01-19,-59,BNO,Controls,28.079999923706055
E2,2024-01-22,-58,BNO,Controls,28.459999084472656
E2,2024-01-23,-57,BNO,Controls,28.40999984741211
E2,2024-01-24,-56,BNO,Controls,28.670000076293945
E2,2024-01-25,-55,BNO,Controls,29.34000015258789
E2,2024-01-26,-54,BNO,Controls,29.799999237060547
E2,2024-01-29,-53,BNO,Controls,29.40999984741211
E2,2024-01-30,-52,BNO,Controls,29.579999923706055
E2,2024-01-31,-51,BNO,Controls,28.850000381469727
E2,2024-02-01,-50,BNO,Controls,28.239999771118164
E2,2024-02-02,-49,BNO,Controls,27.690000534057617
E2,2024-02-05,-48,BNO,Controls,28.010000228881836
E2,2024-02-06,-47,BNO,Controls,28.25
E2,2024-02-07,-46,BNO,Controls,28.5
E2,2024-02-08,-45,BNO,Controls,29.360000610351562
E2,2024-02-09,-44,BNO,Controls,29.40999984741211
E2,2024-02-12,-43,BNO,Controls,29.489999771118164
E2,2024-02-13,-42,BNO,Controls,29.690000534057617
E2,2024-02-14,-41,BNO,Controls,29.299999237060547
E2,2024-02-15,-40,BNO,Controls,29.780000686645508
E2,2024-02-16,-39,BNO,Controls,29.93000030517578
E2,2024-02-20,-38,BNO,Controls,29.6299991607666
E2,2024-02-21,-37,BNO,Controls,29.84000015258789
E2,2024-02-22,-36,BNO,Controls,29.969999313354492
E2,2024-02-23,-35,BNO,Controls,29.360000610351562
E2,2024-02-26,-34,BNO,Controls,29.670000076293945
E2,2024-02-27,-33,BNO,Controls,29.93000030517578
E2,2024-02-28,-32,BNO,Controls,29.809999465942383
E2,2024-02-29,-31,BNO,Controls,29.729999542236328
E2,2024-03-01,-30,BNO,Controls,30.290000915527344
E2,2024-03-04,-29,BNO,Controls,30.100000381469727
E2,2024-03-05,-28,BNO,Controls,29.829999923706055
E2,2024-03-06,-27,BNO,Controls,30.1200008392334
E2,2024-03-07,-26,BNO,Controls,30.1200008392334
E2,2024-03-08,-25,BNO,Controls,29.799999237060547
E2,2024-03-11,-24,BNO,Controls,29.969999313354492
E2,2024-03-12,-23,BNO,Controls,29.8700008392334
E2,2024-03-13,-22,BNO,Controls,30.579999923706055
E2,2024-03-14,-21,BNO,Controls,31.0
E2,2024-03-15,-20,BNO,Controls,31.030000686645508
E2,2024-03-18,-19,BNO,Controls,31.649999618530273
E2,2024-03-19,-18,BNO,Controls,31.799999237060547
E2,2024-03-20,-17,BNO,Controls,31.399999618530273
E2,2024-03-21,-16,BNO,Controls,31.270000457763672
E2,2024-03-22,-15,BNO,Controls,31.190000534057617
E2,2024-03-25,-14,BNO,Controls,31.600000381469727
E2,2024-03-26,-13,BNO,Controls,31.3700008392334
E2,2024-03-27,-12,BNO,Controls,31.469999313354492
E2,2024-03-28,-11,BNO,Controls,31.90999984741211
E2,2024-04-01,-10,BNO,Controls,32.189998626708984
E2,2024-04-02,-9,BNO,Controls,32.689998626708984
E2,2024-04-03,-8,BNO,Controls,32.849998474121094
E2,2024-04-04,-7,BNO,Controls,33.36000061035156
E2,2024-04-05,-6,BNO,Controls,33.43000030517578
E2,2024-04-08,-5,BNO,Controls,33.279998779296875
E2,2024-04-09,-4,BNO,Controls,32.90999984741211
E2,2024-04-10,-3,BNO,Controls,33.310001373291016
E2,2024-04-11,-2,BNO,Controls,33.16999816894531
E2,2024-04-12,-1,BNO,Controls,33.220001220703125
E2,2024-04-15,0,BNO,Controls,33.22999954223633
E2,2024-04-16,1,BNO,Controls,33.11000061035156
E2,2024-04-17,2,BNO,Controls,32.15999984741211
E2,2024-04-18,3,BNO,Controls,32.040000915527344
E2,2024-04-19,4,BNO,Controls,32.06999969482422
E2,2024-04-22,5,BNO,Controls,32.0
E2,2024-04-23,6,BNO,Controls,32.43000030517578
E2,2024-04-24,7,BNO,Controls,32.36000061035156
E2,2024-04-25,8,BNO,Controls,32.68000030517578
E2,2024-04-26,9,BNO,Controls,32.72999954223633
E2,2024-04-29,10,BNO,Controls,32.43000030517578
E2,2024-01-03,-70,GLD,Controls,189.1300048828125
E2,2024-01-04,-69,GLD,Controls,189.32000732421875
E2,2024-01-05,-68,GLD,Controls,189.35000610351562
E2,2024-01-08,-67,GLD,Controls,187.8699951171875
E2,2024-01-09,-66,GLD,Controls,187.92999267578125
E2,2024-01-10,-65,GLD,Controls,187.5
E2,2024-01-11,-64,GLD,Controls,187.8699951171875
E2,2024-01-12,-63,GLD,Controls,189.7100067138672
E2,2024-01-16,-62,GLD,Controls,187.91000366210938
E2,2024-01-17,-61,GLD,Controls,185.83999633789062
E2,2024-01-18,-60,GLD,Controls,187.3699951171875
E2,2024-01-19,-59,GLD,Controls,187.92999267578125
E2,2024-01-22,-58,GLD,Controls,187.22000122070312
E2,2024-01-23,-57,GLD,Controls,187.9499969482422
E2,2024-01-24,-56,GLD,Controls,186.39999389648438
E2,2024-01-25,-55,GLD,Controls,187.13999938964844
E2,2024-01-26,-54,GLD,Controls,187.00999450683594
E2,2024-01-29,-53,GLD,Controls,188.3300018310547
E2,2024-01-30,-52,GLD,Controls,188.58999633789062
E2,2024-01-31,-51,GLD,Controls,188.4499969482422
E2,2024-02-01,-50,GLD,Controls,190.41000366210938
E2,2024-02-02,-49,GLD,Controls,188.61000061035156
E2,2024-02-05,-48,GLD,Controls,187.57000732421875
E2,2024-02-06,-47,GLD,Controls,188.5500030517578
E2,2024-02-07,-46,GLD,Controls,188.5
E2,2024-02-08,-45,GLD,Controls,188.3300018310547
E2,2024-02-09,-44,GLD,Controls,187.60000610351562
E2,2024-02-12,-43,GLD,Controls,187.11000061035156
E2,2024-02-13,-42,GLD,Controls,184.52999877929688
E2,2024-02-14,-41,GLD,Controls,184.4199981689453
E2,2024-02-15,-40,GLD,Controls,185.66000366210938
E2,2024-02-16,-39,GLD,Controls,186.33999633789062
E2,2024-02-20,-38,GLD,Controls,187.47000122070312
E2,2024-02-21,-37,GLD,Controls,187.47999572753906
E2,2024-02-22,-36,GLD,Controls,187.55999755859375
E2,2024-02-23,-35,GLD,Controls,188.6199951171875
E2,2024-02-26,-34,GLD,Controls,188.1999969482422
E2,2024-02-27,-33,GLD,Controls,188.0
E2,2024-02-28,-32,GLD,Controls,188.33999633789062
E2,2024-02-29,-31,GLD,Controls,189.30999755859375
E2,2024-03-01,-30,GLD,Controls,192.88999938964844
E2,2024-03-04,-29,GLD,Controls,196.00999450683594
E2,2024-03-05,-28,GLD,Controls,197.19000244140625
E2,2024-03-06,-27,GLD,Controls,198.80999755859375
E2,2024-03-07,-26,GLD,Controls,199.94000244140625
E2,2024-03-08,-25,GLD,Controls,201.6300048828125
E2,2024-03-11,-24,GLD,Controls,202.0
E2,2024-03-12,-23,GLD,Controls,199.7899932861328
E2,2024-03-13,-22,GLD,Controls,201.19000244140625
E2,2024-03-14,-21,GLD,Controls,200.35000610351562
E2,2024-03-15,-20,GLD,Controls,199.7100067138672
E2,2024-03-18,-19,GLD,Controls,200.02999877929688
E2,2024-03-19,-18,GLD,Controls,199.8000030517578
E2,2024-03-20,-17,GLD,Controls,202.17999267578125
E2,2024-03-21,-16,GLD,Controls,201.97000122070312
E2,2024-03-22,-15,GLD,Controls,200.35000610351562
E2,2024-03-25,-14,GLD,Controls,200.99000549316406
E2,2024-03-26,-13,GLD,Controls,201.63999938964844
E2,2024-03-27,-12,GLD,Controls,203.10000610351562
E2,2024-03-28,-11,GLD,Controls,205.72000122070312
E2,2024-04-01,-10,GLD,Controls,207.82000732421875
E2,2024-04-02,-9,GLD,Controls,210.88999938964844
E2,2024-04-03,-8,GLD,Controls,212.74000549316406
E2,2024-04-04,-7,GLD,Controls,211.52000427246094
E2,2024-04-05,-6,GLD,Controls,215.13999938964844
E2,2024-04-08,-5,GLD,Controls,216.47999572753906
E2,2024-04-09,-4,GLD,Controls,217.6699981689453
E2,2024-04-10,-3,GLD,Controls,215.61000061035156
E2,2024-04-11,-2,GLD,Controls,219.8000030517578
E2,2024-04-12,-1,GLD,Controls,216.88999938964844
E2,2024-04-15,0,GLD,Controls,220.9499969482422
E2,2024-04-16,1,GLD,Controls,221.22000122070312
E2,2024-04-17,2,GLD,Controls,219.58999633789062
E2,2024-04-18,3,GLD,Controls,220.33999633789062
E2,2024-04-19,4,GLD,Controls,221.02999877929688
E2,2024-04-22,5,GLD,Controls,215.57000732421875
E2,2024-04-23,6,GLD,Controls,215.0399932861328
E2,2024-04-24,7,GLD,Controls,214.63999938964844
E2,2024-04-25,8,GLD,Controls,215.9199981689453
E2,2024-04-26,9,GLD,Controls,216.6199951171875
E2,2024-04-29,10,GLD,Controls,216.17999267578125
E3,2024-06-21,-70,^GSPC,Benchmark,5464.6201171875
E3,2024-06-24,-69,^GSPC,Benchmark,5447.8701171875
E3,2024-06-25,-68,^GSPC,Benchmark,5469.2998046875
E3,2024-06-26,-67,^GSPC,Benchmark,5477.89990234375
E3,2024-06-27,-66,^GSPC,Benchmark,5482.8701171875
E3,2024-06-28,-65,^GSPC,Benchmark,5460.47998046875
E3,2024-07-01,-64,^GSPC,Benchmark,5475.08984375
E3,2024-07-02,-63,^GSPC,Benchmark,5509.009765625
E3,2024-07-03,-62,^GSPC,Benchmark,5537.02001953125
E3,2024-07-05,-61,^GSPC,Benchmark,5567.18994140625
E3,2024-07-08,-60,^GSPC,Benchmark,5572.85009765625
E3,2024-07-09,-59,^GSPC,Benchmark,5576.97998046875
E3,2024-07-10,-58,^GSPC,Benchmark,5633.91015625
E3,2024-07-11,-57,^GSPC,Benchmark,5584.5400390625
E3,2024-07-12,-56,^GSPC,Benchmark,5615.35009765625
E3,2024-07-15,-55,^GSPC,Benchmark,5631.22021484375
E3,2024-07-16,-54,^GSPC,Benchmark,5667.2001953125
E3,2024-07-17,-53,^GSPC,Benchmark,5588.27001953125
E3,2024-07-18,-52,^GSPC,Benchmark,5544.58984375
E3,2024-07-19,-51,^GSPC,Benchmark,5505.0
E3,2024-07-22,-50,^GSPC,Benchmark,5564.41015625
E3,2024-07-23,-49,^GSPC,Benchmark,5555.740234375
E3,2024-07-24,-48,^GSPC,Benchmark,5427.1298828125
E3,2024-07-25,-47,^GSPC,Benchmark,5399.22021484375
E3,2024-07-26,-46,^GSPC,Benchmark,5459.10009765625
E3,2024-07-29,-45,^GSPC,Benchmark,5463.5400390625
E3,2024-07-30,-44,^GSPC,Benchmark,5436.43994140625
E3,2024-07-31,-43,^GSPC,Benchmark,5522.2998046875
E3,2024-08-01,-42,^GSPC,Benchmark,5446.68017578125
E3,2024-08-02,-41,^GSPC,Benchmark,5346.56005859375
E3,2024-08-05,-40,^GSPC,Benchmark,5186.330078125
E3,2024-08-06,-39,^GSPC,Benchmark,5240.02978515625
E3,2024-08-07,-38,^GSPC,Benchmark,5199.5
E3,2024-08-08,-37,^GSPC,Benchmark,5319.31005859375
E3,2024-08-09,-36,^GSPC,Benchmark,5344.16015625
E3,2024-08-12,-35,^GSPC,Benchmark,5344.39013671875
E3,2024-08-13,-34,^GSPC,Benchmark,5434.43017578125
E3,2024-08-14,-33,^GSPC,Benchmark,5455.2099609375
E3,2024-08-15,-32,^GSPC,Benchmark,5543.22021484375
E3,2024-08-16,-31,^GSPC,Benchmark,5554.25
E3,2024-08-19,-30,^GSPC,Benchmark,5608.25
E3,2024-08-20,-29,^GSPC,Benchmark,5597.1201171875
E3,2024-08-21,-28,^GSPC,Benchmark,5620.85009765625
E3,2024-08-22,-27,^GSPC,Benchmark,5570.64013671875
E3,2024-08-23,-26,^GSPC,Benchmark,5634.60986328125
E3,2024-08-26,-25,^GSPC,Benchmark,5616.83984375
E3,2024-08-27,-24,^GSPC,Benchmark,5625.7998046875
E3,2024-08-28,-23,^GSPC,Benchmark,5592.18017578125
E3,2024-08-29,-22,^GSPC,Benchmark,5591.9599609375
E3,2024-08-30,-21,^GSPC,Benchmark,5648.39990234375
E3,2024-09-03,-20,^GSPC,Benchmark,5528.93017578125
E3,2024-09-04,-19,^GSPC,Benchmark,5520.06982421875
E3,2024-09-05,-18,^GSPC,Benchmark,5503.41015625
E3,2024-09-06,-17,^GSPC,Benchmark,5408.419921875
E3,2024-09-09,-16,^GSPC,Benchmark,5471.0498046875
E3,2024-09-10,-15,^GSPC,Benchmark,5495.52001953125
E3,2024-09-11,-14,^GSPC,Benchmark,5554.1298828125
E3,2024-09-12,-13,^GSPC,Benchmark,5595.759765625
E3,2024-09-13,-12,^GSPC,Benchmark,5626.02001953125
E3,2024-09-16,-11,^GSPC,Benchmark,5633.08984375
E3,2024-09-17,-10,^GSPC,Benchmark,5634.580078125
E3,2024-09-18,-9,^GSPC,Benchmark,5618.259765625
E3,2024-09-19,-8,^GSPC,Benchmark,5713.64013671875
E3,2024-09-20,-7,^GSPC,Benchmark,5702.5498046875
E3,2024-09-23,-6,^GSPC,Benchmark,5718.56982421875
E3,2024-09-24,-5,^GSPC,Benchmark,5732.93017578125
E3,2024-09-25,-4,^GSPC,Benchmark,5722.259765625
E3,2024-09-26,-3,^GSPC,Benchmark,5745.3701171875
E3,2024-09-27,-2,^GSPC,Benchmark,5738.169921875
E3,2024-09-30,-1,^GSPC,Benchmark,5762.47998046875
E3,2024-10-01,0,^GSPC,Benchmark,5708.75
E3,2024-10-02,1,^GSPC,Benchmark,5709.5400390625
E3,2024-10-03,2,^GSPC,Benchmark,5699.93994140625
E3,2024-10-04,3,^GSPC,Benchmark,5751.06982421875
E3,2024-10-07,4,^GSPC,Benchmark,5695.93994140625
E3,2024-10-08,5,^GSPC,Benchmark,5751.1298828125
E3,2024-10-09,6,^GSPC,Benchmark,5792.0400390625
E3,2024-10-10,7,^GSPC,Benchmark,5780.0498046875
E3,2024-10-11,8,^GSPC,Benchmark,5815.02978515625
E3,2024-10-14,9,^GSPC,Benchmark,5859.85009765625
E3,2024-10-15,10,^GSPC,Benchmark,5815.259765625
E3,2024-06-21,-70,^VIX,Benchmark,13.199999809265137
E3,2024-06-24,-69,^VIX,Benchmark,13.329999923706055
E3,2024-06-25,-68,^VIX,Benchmark,12.84000015258789
E3,2024-06-26,-67,^VIX,Benchmark,12.550000190734863
E3,2024-06-27,-66,^VIX,Benchmark,12.239999771118164
E3,2024-06-28,-65,^VIX,Benchmark,12.4399995803833
E3,2024-07-01,-64,^VIX,Benchmark,12.220000267028809
E3,2024-07-02,-63,^VIX,Benchmark,12.029999732971191
E3,2024-07-03,-62,^VIX,Benchmark,12.09000015258789
E3,2024-07-05,-61,^VIX,Benchmark,12.479999542236328
E3,2024-07-08,-60,^VIX,Benchmark,12.369999885559082
E3,2024-07-09,-59,^VIX,Benchmark,12.510000228881836
E3,2024-07-10,-58,^VIX,Benchmark,12.850000381469727
E3,2024-07-11,-57,^VIX,Benchmark,12.920000076293945
E3,2024-07-12,-56,^VIX,Benchmark,12.460000038146973
E3,2024-07-15,-55,^VIX,Benchmark,13.119999885559082
E3,2024-07-16,-54,^VIX,Benchmark,13.1899995803833
E3,2024-07-17,-53,^VIX,Benchmark,14.479999542236328
E3,2024-07-18,-52,^VIX,Benchmark,15.930000305175781
E3,2024-07-19,-51,^VIX,Benchmark,16.520000457763672
E3,2024-07-22,-50,^VIX,Benchmark,14.90999984741211
E3,2024-07-23,-49,^VIX,Benchmark,14.720000267028809
E3,2024-07-24,-48,^VIX,Benchmark,18.040000915527344
E3,2024-07-25,-47,^VIX,Benchmark,18.459999084472656
E3,2024-07-26,-46,^VIX,Benchmark,16.389999389648438
E3,2024-07-29,-45,^VIX,Benchmark,16.600000381469727
E3,2024-07-30,-44,^VIX,Benchmark,17.690000534057617
E3,2024-07-31,-43,^VIX,Benchmark,16.360000610351562
E3,2024-08-01,-42,^VIX,Benchmark,18.59000015258789
E3,2024-08-02,-41,^VIX,Benchmark,23.389999389648438
E3,2024-08-05,-40,^VIX,Benchmark,38.56999969482422
E3,2024-08-06,-39,^VIX,Benchmark,27.709999084472656
E3,2024-08-07,-38,^VIX,Benchmark,27.850000381469727
E3,2024-08-08,-37,^VIX,Benchmark,23.790000915527344
E3,2024-08-09,-36,^VIX,Benchmark,20.3700008392334
E3,2024-08-12,-35,^VIX,Benchmark,20.709999084472656
E3,2024-08-13,-34,^VIX,Benchmark,18.1200008392334
E3,2024-08-14,-33,^VIX,Benchmark,16.190000534057617
E3,2024-08-15,-32,^VIX,Benchmark,15.229999542236328
E3,2024-08-16,-31,^VIX,Benchmark,14.800000190734863
E3,2024-08-19,-30,^VIX,Benchmark,14.649999618530273
E3,2024-08-20,-29,^VIX,Benchmark,15.880000114440918
E3,2024-08-21,-28,^VIX,Benchmark,16.270000457763672
E3,2024-08-22,-27,^VIX,Benchmark,17.549999237060547
E3,2024-08-23,-26,^VIX,Benchmark,15.859999656677246
E3,2024-08-26,-25,^VIX,Benchmark,16.149999618530273
E3,2024-08-27,-24,^VIX,Benchmark,15.430000305175781
E3,2024-08-28,-23,^VIX,Benchmark,17.110000610351562
E3,2024-08-29,-22,^VIX,Benchmark,15.649999618530273
E3,2024-08-30,-21,^VIX,Benchmark,15.0
E3,2024-09-03,-20,^VIX,Benchmark,20.719999313354492
E3,2024-09-04,-19,^VIX,Benchmark,21.31999969482422
E3,2024-09-05,-18,^VIX,Benchmark,19.899999618530273
E3,2024-09-06,-17,^VIX,Benchmark,22.3799991607666
E3,2024-09-09,-16,^VIX,Benchmark,19.450000762939453
E3,2024-09-10,-15,^VIX,Benchmark,19.079999923706055
E3,2024-09-11,-14,^VIX,Benchmark,17.690000534057617
E3,2024-09-12,-13,^VIX,Benchmark,17.06999969482422
E3,2024-09-13,-12,^VIX,Benchmark,16.559999465942383
E3,2024-09-16,-11,^VIX,Benchmark,17.139999389648438
E3,2024-09-17,-10,^VIX,Benchmark,17.610000610351562
E3,2024-09-18,-9,^VIX,Benchmark,18.229999542236328
E3,2024-09-19,-8,^VIX,Benchmark,16.329999923706055
E3,2024-09-20,-7,^VIX,Benchmark,16.149999618530273
E3,2024-09-23,-6,^VIX,Benchmark,15.890000343322754
E3,2024-09-24,-5,^VIX,Benchmark,15.390000343322754
E3,2024-09-25,-4,^VIX,Benchmark,15.40999984741211
E3,2024-09-26,-3,^VIX,Benchmark,15.369999885559082
E3,2024-09-27,-2,^VIX,Benchmark,16.959999084472656
E3,2024-09-30,-1,^VIX,Benchmark,16.729999542236328
E3,2024-10-01,0,^VIX,Benchmark,19.260000228881836
E3,2024-10-02,1,^VIX,Benchmark,18.899999618530273
E3,2024-10-03,2,^VIX,Benchmark,20.489999771118164
E3,2024-10-04,3,^VIX,Benchmark,19.209999084472656
E3,2024-10-07,4,^VIX,Benchmark,22.639999389648438
E3,2024-10-08,5,^VIX,Benchmark,21.420000076293945
E3,2024-10-09,6,^VIX,Benchmark,20.860000610351562
E3,2024-10-10,7,^VIX,Benchmark,20.93000030517578
E3,2024-10-11,8,^VIX,Benchmark,20.459999084472656
E3,2024-10-14,9,^VIX,Benchmark,19.700000762939453
E3,2024-10-15,10,^VIX,Benchmark,20.639999389648438
E3,2024-06-21,-70,XLE,Energy,41.7938346862793
E3,2024-06-24,-69,XLE,Energy,42.847660064697266
E3,2024-06-25,-68,XLE,Energy,42.94622802734375
E3,2024-06-26,-67,XLE,Energy,42.52376937866211
E3,2024-06-27,-66,XLE,Energy,42.62234878540039
E3,2024-06-28,-65,XLE,Energy,42.78663635253906
E3,2024-07-01,-64,XLE,Energy,42.81010437011719
E3,2024-07-02,-63,XLE,Energy,42.77724838256836
E3,2024-07-03,-62,XLE,Energy,42.96501159667969
E3,2024-07-05,-61,XLE,Energy,42.29375076293945
E3,2024-07-08,-60,XLE,Energy,42.03558349609375
E3,2024-07-09,-59,XLE,Energy,41.66474914550781
E3,2024-07-10,-58,XLE,Energy,41.94639205932617
E3,2024-07-11,-57,XLE,Energy,42.3829460144043
E3,2024-07-12,-56,XLE,Energy,42.490901947021484
E3,2024-07-15,-55,XLE,Energy,43.134002685546875
E3,2024-07-16,-54,XLE,Energy,43.32645797729492
E3,2024-07-17,-53,XLE,Energy,43.75830841064453
E3,2024-07-18,-52,XLE,Energy,43.83810806274414
E3,2024-07-19,-51,XLE,Energy,43.35931396484375
E3,2024-07-22,-50,XLE,Energy,43.08705520629883
E3,2024-07-23,-49,XLE,Energy,42.4017219543457
E3,2024-07-24,-48,XLE,Energy,42.40641403198242
E3,2024-07-25,-47,XLE,Energy,43.13869857788086
E3,2024-07-26,-46,XLE,Energy,43.27482604980469
E3,2024-07-29,-45,XLE,Energy,42.90398406982422
E3,2024-07-30,-44,XLE,Energy,43.5705451965332
E3,2024-07-31,-43,XLE,Energy,43.75361633300781
E3,2024-08-01,-42,XLE,Energy,42.59417724609375
E3,2024-08-02,-41,XLE,Energy,41.49576187133789
E3,2024-08-05,-40,XLE,Energy,40.58041000366211
E3,2024-08-06,-39,XLE,Energy,40.829200744628906
E3,2024-08-07,-38,XLE,Energy,40.99349594116211
E3,2024-08-08,-37,XLE,Energy,41.87598419189453
E3,2024-08-09,-36,XLE,Energy,41.969871520996094
E3,2024-08-12,-35,XLE,Energy,42.1764030456543
E3,2024-08-13,-34,XLE,Energy,41.76802062988281
E3,2024-08-14,-33,XLE,Energy,42.01211166381836
E3,2024-08-15,-32,XLE,Energy,42.51437759399414
E3,2024-08-16,-31,XLE,Energy,42.467437744140625
E3,2024-08-19,-30,XLE,Energy,42.753780364990234
E3,2024-08-20,-29,XLE,Energy,41.62718963623047
E3,2024-08-21,-28,XLE,Energy,41.697608947753906
E3,2024-08-22,-27,XLE,Energy,41.805564880371094
E3,2024-08-23,-26,XLE,Energy,42.42988967895508
E3,2024-08-26,-25,XLE,Energy,42.81010437011719
E3,2024-08-27,-24,XLE,Energy,42.41110610961914
E3,2024-08-28,-23,XLE,Energy,42.13884735107422
E3,2024-08-29,-22,XLE,Energy,42.68806076049805
E3,2024-08-30,-21,XLE,Energy,42.847660064697266
E3,2024-09-03,-20,XLE,Energy,41.78209686279297
E3,2024-09-04,-19,XLE,Energy,41.2047233581543
E3,2024-09-05,-18,XLE,Energy,40.88552474975586
E3,2024-09-06,-17,XLE,Energy,40.373878479003906
E3,2024-09-09,-16,XLE,Energy,40.66490936279297
E3,2024-09-10,-15,XLE,Energy,39.96548843383789
E3,2024-09-11,-14,XLE,Energy,39.59465026855469
E3,2024-09-12,-13,XLE,Energy,39.95140075683594
E3,2024-09-13,-12,XLE,Energy,40.176719665527344
E3,2024-09-16,-11,XLE,Energy,40.636741638183594
E3,2024-09-17,-10,XLE,Energy,41.185951232910156
E3,2024-09-18,-9,XLE,Energy,41.265750885009766
E3,2024-09-19,-8,XLE,Energy,41.758628845214844
E3,2024-09-20,-7,XLE,Energy,41.66474914550781
E3,2024-09-23,-6,XLE,Energy,42.17921447753906
E3,2024-09-24,-5,XLE,Energy,42.07508087158203
E3,2024-09-25,-4,XLE,Energy,41.25156784057617
E3,2024-09-26,-3,XLE,Energy,40.4422492980957
E3,2024-09-27,-2,XLE,Energy,41.265769958496094
E3,2024-09-30,-1,XLE,Energy,41.55447769165039
E3,2024-10-01,0,XLE,Energy,42.50104522705078
E3,2024-10-02,1,XLE,Energy,42.93647003173828
E3,2024-10-03,2,XLE,Energy,43.693721771240234
E3,2024-10-04,3,XLE,Energy,44.100746154785156
E3,2024-10-07,4,XLE,Energy,44.256935119628906
E3,2024-10-08,5,XLE,Energy,43.10211944580078
E3,2024-10-09,6,XLE,Energy,43.36241912841797
E3,2024-10-10,7,XLE,Energy,43.655860900878906
E3,2024-10-11,8,XLE,Energy,43.92563247680664
E3,2024-10-14,9,XLE,Energy,43.90670394897461
E3,2024-10-15,10,XLE,Energy,42.4915771484375
E3,2024-06-21,-70,XOM,Energy,103.05445861816406
E3,2024-06-24,-69,XOM,Energy,106.11558532714844
E3,2024-06-25,-68,XOM,Energy,106.41331481933594
E3,2024-06-26,-67,XOM,Energy,106.45053100585938
E3,2024-06-27,-66,XOM,Energy,106.90643310546875
E3,2024-06-28,-65,XOM,Energy,107.11113739013672
E3,2024-07-01,-64,XOM,Energy,106.96226501464844
E3,2024-07-02,-63,XOM,Energy,106.23652648925781
E3,2024-07-03,-62,XOM,Energy,106.77618408203125
E3,2024-07-05,-61,XOM,Energy,105.48289489746094
E3,2024-07-08,-60,XOM,Energy,104.37567138671875
E3,2024-07-09,-59,XOM,Energy,103.22193908691406
E3,2024-07-10,-58,XOM,Energy,104.1337661743164
E3,2024-07-11,-57,XOM,Energy,105.37123107910156
E3,2024-07-12,-56,XOM,Energy,105.38983154296875
E3,2024-07-15,-55,XOM,Energy,107.19486999511719
E3,2024-07-16,-54,XOM,Energy,107.96713256835938
E3,2024-07-17,-53,XOM,Energy,109.455810546875
E3,2024-07-18,-52,XOM,Energy,110.53512573242188
E3,2024-07-19,-51,XOM,Energy,107.99504852294922
E3,2024-07-22,-50,XOM,Energy,107.25069427490234
E3,2024-07-23,-49,XOM,Energy,105.52010345458984
E3,2024-07-24,-48,XOM,Energy,107.0087890625
E3,2024-07-25,-47,XOM,Energy,109.26042175292969
E3,2024-07-26,-46,XOM,Energy,109.16739654541016
E3,2024-07-29,-45,XOM,Energy,108.02295684814453
E3,2024-07-30,-44,XOM,Energy,109.94894409179688
E3,2024-07-31,-43,XOM,Energy,110.3397216796875
E3,2024-08-01,-42,XOM,Energy,108.8138198852539
E3,2024-08-02,-41,XOM,Energy,108.74868774414062
E3,2024-08-05,-40,XOM,Energy,106.78549194335938
E3,2024-08-06,-39,XOM,Energy,106.21792602539062
E3,2024-08-07,-38,XOM,Energy,107.6321792602539
E3,2024-08-08,-37,XOM,Energy,109.68843078613281
E3,2024-08-09,-36,XOM,Energy,110.58163452148438
E3,2024-08-12,-35,XOM,Energy,110.7212142944336
E3,2024-08-13,-34,XOM,Energy,109.6605224609375
E3,2024-08-14,-33,XOM,Energy,110.6746826171875
E3,2024-08-15,-32,XOM,Energy,111.35936737060547
E3,2024-08-16,-31,XOM,Energy,110.83412170410156
E3,2024-08-19,-30,XOM,Energy,111.1717758178711
E3,2024-08-20,-29,XOM,Energy,107.46698760986328
E3,2024-08-21,-28,XOM,Energy,106.78230285644531
E3,2024-08-22,-27,XOM,Energy,107.60768127441406
E3,2024-08-23,-26,XOM,Energy,109.09896850585938
E3,2024-08-26,-25,XOM,Energy,111.43440246582031
E3,2024-08-27,-24,XOM,Energy,110.37454986572266
E3,2024-08-28,-23,XOM,Energy,109.28655242919922
E3,2024-08-29,-22,XOM,Energy,110.7966079711914
E3,2024-08-30,-21,XOM,Energy,110.61842346191406
E3,2024-09-03,-20,XOM,Energy,108.30174255371094
E3,2024-09-04,-19,XOM,Energy,106.9792709350586
E3,2024-09-05,-18,XOM,Energy,106.14452362060547
E3,2024-09-06,-17,XOM,Energy,105.64742279052734
E3,2024-09-09,-16,XOM,Energy,107.87030029296875
E3,2024-09-10,-15,XOM,Energy,103.94039916992188
E3,2024-09-11,-14,XOM,Energy,102.90869903564453
E3,2024-09-12,-13,XOM,Energy,104.32495880126953
E3,2024-09-13,-12,XOM,Energy,104.24992370605469
E3,2024-09-16,-11,XOM,Energy,105.71307373046875
E3,2024-09-17,-10,XOM,Energy,107.0918197631836
E3,2024-09-18,-9,XOM,Energy,107.46698760986328
E3,2024-09-19,-8,XOM,Energy,108.79884338378906
E3,2024-09-20,-7,XOM,Energy,108.11415100097656
E3,2024-09-23,-6,XOM,Energy,110.07441711425781
E3,2024-09-24,-5,XOM,Energy,109.78366088867188
E3,2024-09-25,-4,XOM,Energy,107.64520263671875
E3,2024-09-26,-3,XOM,Energy,105.7974853515625
E3,2024-09-27,-2,XOM,Energy,108.63002014160156
E3,2024-09-30,-1,XOM,Energy,109.943115234375
E3,2024-10-01,0,XOM,Energy,112.48487091064453
E3,2024-10-02,1,XOM,Energy,113.97615814208984
E3,2024-10-03,2,XOM,Energy,114.9703598022461
E3,2024-10-04,3,XOM,Energy,117.08067321777344
E3,2024-10-07,4,XOM,Energy,117.587158203125
E3,2024-10-08,5,XOM,Energy,114.46388244628906
E3,2024-10-09,6,XOM,Energy,114.5107650756836
E3,2024-10-10,7,XOM,Energy,115.49559020996094
E3,2024-10-11,8,XOM,Energy,115.9364242553711
E3,2024-10-14,9,XOM,Energy,116.37724304199219
E3,2024-10-15,10,XOM,Energy,112.87879943847656
E3,2024-06-21,-70,ITA,Defense,132.60659790039062
E3,2024-06-24,-69,ITA,Defense,131.51124572753906
E3,2024-06-25,-68,ITA,Defense,130.54415893554688
E3,2024-06-26,-67,ITA,Defense,130.79086303710938
E3,2024-06-27,-66,ITA,Defense,131.01783752441406
E3,2024-06-28,-65,ITA,Defense,130.30734252929688
E3,2024-07-01,-64,ITA,Defense,129.8435516357422
E3,2024-07-02,-63,ITA,Defense,130.78099060058594
E3,2024-07-03,-62,ITA,Defense,131.3927764892578
E3,2024-07-05,-61,ITA,Defense,130.6527099609375
E3,2024-07-08,-60,ITA,Defense,131.47174072265625
E3,2024-07-09,-59,ITA,Defense,131.0573272705078
E3,2024-07-10,-58,ITA,Defense,131.79739379882812
E3,2024-07-11,-57,ITA,Defense,131.86648559570312
E3,2024-07-12,-56,ITA,Defense,131.3533477783203
E3,2024-07-15,-55,ITA,Defense,132.1131591796875
E3,2024-07-16,-54,ITA,Defense,135.52752685546875
E3,2024-07-17,-53,ITA,Defense,133.84996032714844
E3,2024-07-18,-52,ITA,Defense,132.9716796875
E3,2024-07-19,-51,ITA,Defense,132.13290405273438
E3,2024-07-22,-50,ITA,Defense,133.889404296875
E3,2024-07-23,-49,ITA,Defense,137.5406036376953
E3,2024-07-24,-48,ITA,Defense,134.14599609375
E3,2024-07-25,-47,ITA,Defense,137.67874145507812
E3,2024-07-26,-46,ITA,Defense,139.04052734375
E3,2024-07-29,-45,ITA,Defense,138.88265991210938
E3,2024-07-30,-44,ITA,Defense,139.7609100341797
E3,2024-07-31,-43,ITA,Defense,141.2904510498047
E3,2024-08-01,-42,ITA,Defense,139.61288452148438
E3,2024-08-02,-41,ITA,Defense,135.37948608398438
E3,2024-08-05,-40,ITA,Defense,133.26773071289062
E3,2024-08-06,-39,ITA,Defense,134.027587890625
E3,2024-08-07,-38,ITA,Defense,134.70846557617188
E3,2024-08-08,-37,ITA,Defense,137.6885986328125
E3,2024-08-09,-36,ITA,Defense,138.3695068359375
E3,2024-08-12,-35,ITA,Defense,138.30043029785156
E3,2024-08-13,-34,ITA,Defense,139.12936401367188
E3,2024-08-14,-33,ITA,Defense,139.5142059326172
E3,2024-08-15,-32,ITA,Defense,141.45819091796875
E3,2024-08-16,-31,ITA,Defense,141.981201171875
E3,2024-08-19,-30,ITA,Defense,142.58314514160156
E3,2024-08-20,-29,ITA,Defense,141.44833374023438
E3,2024-08-21,-28,ITA,Defense,141.9910888671875
E3,2024-08-22,-27,ITA,Defense,142.05029296875
E3,2024-08-23,-26,ITA,Defense,142.89891052246094
E3,2024-08-26,-25,ITA,Defense,142.4943389892578
E3,2024-08-27,-24,ITA,Defense,142.8397216796875
E3,2024-08-28,-23,ITA,Defense,143.3824920654297
E3,2024-08-29,-22,ITA,Defense,144.82321166992188
E3,2024-08-30,-21,ITA,Defense,145.7606658935547
E3,2024-09-03,-20,ITA,Defense,140.7772979736328
E3,2024-09-04,-19,ITA,Defense,141.71478271484375
E3,2024-09-05,-18,ITA,Defense,140.37271118164062
E3,2024-09-06,-17,ITA,Defense,138.122802734375
E3,2024-09-09,-16,ITA,Defense,141.0437469482422
E3,2024-09-10,-15,ITA,Defense,140.5108642578125
E3,2024-09-11,-14,ITA,Defense,140.4121856689453
E3,2024-09-12,-13,ITA,Defense,142.26734924316406
E3,2024-09-13,-12,ITA,Defense,143.47128295898438
E3,2024-09-16,-11,ITA,Defense,144.14231872558594
E3,2024-09-17,-10,ITA,Defense,143.79693603515625
E3,2024-09-18,-9,ITA,Defense,143.8857421875
E3,2024-09-19,-8,ITA,Defense,145.3363494873047
E3,2024-09-20,-7,ITA,Defense,145.9382781982422
E3,2024-09-23,-6,ITA,Defense,147.64547729492188
E3,2024-09-24,-5,ITA,Defense,147.24087524414062
E3,2024-09-25,-4,ITA,Defense,147.00070190429688
E3,2024-09-26,-3,ITA,Defense,146.07168579101562
E3,2024-09-27,-2,ITA,Defense,146.77340698242188
E3,2024-09-30,-1,ITA,Defense,147.89019775390625
E3,2024-10-01,0,ITA,Defense,149.5802001953125
E3,2024-10-02,1,ITA,Defense,149.590087890625
E3,2024-10-03,2,ITA,Defense,148.6116485595703
E3,2024-10-04,3,ITA,Defense,150.02493286132812
E3,2024-10-07,4,ITA,Defense,149.56044006347656
E3,2024-10-08,5,ITA,Defense,149.6098175048828
E3,2024-10-09,6,ITA,Defense,150.064453125
E3,2024-10-10,7,ITA,Defense,148.6314239501953
E3,2024-10-11,8,ITA,Defense,151.07252502441406
E3,2024-10-14,9,ITA,Defense,151.95211791992188
E3,2024-10-15,10,ITA,Defense,151.17135620117188
E3,2024-06-21,-70,LMT,Defense,440.8924560546875
E3,2024-06-24,-69,LMT,Defense,444.57916259765625
E3,2024-06-25,-68,LMT,Defense,441.33563232421875
E3,2024-06-26,-67,LMT,Defense,440.3172912597656
E3,2024-06-27,-66,LMT,Defense,440.4492492675781
E3,2024-06-28,-65,LMT,Defense,440.42095947265625
E3,2024-07-01,-64,LMT,Defense,439.79876708984375
E3,2024-07-02,-63,LMT,Defense,439.1009826660156
E3,2024-07-03,-62,LMT,Defense,439.412109375
E3,2024-07-05,-61,LMT,Defense,435.76318359375
E3,2024-07-08,-60,LMT,Defense,435.38604736328125
E3,2024-07-09,-59,LMT,Defense,434.0093994140625
E3,2024-07-10,-58,LMT,Defense,434.6788330078125
E3,2024-07-11,-57,LMT,Defense,434.0848388671875
E3,2024-07-12,-56,LMT,Defense,437.2434997558594
E3,2024-07-15,-55,LMT,Defense,437.3848876953125
E3,2024-07-16,-54,LMT,Defense,441.8164978027344
E3,2024-07-17,-53,LMT,Defense,448.878662109375
E3,2024-07-18,-52,LMT,Defense,448.8126220703125
E3,2024-07-19,-51,LMT,Defense,447.79437255859375
E3,2024-07-22,-50,LMT,Defense,447.4832458496094
E3,2024-07-23,-49,LMT,Defense,472.658203125
E3,2024-07-24,-48,LMT,Defense,485.77374267578125
E3,2024-07-25,-47,LMT,Defense,491.6195983886719
E3,2024-07-26,-46,LMT,Defense,494.82537841796875
E3,2024-07-29,-45,LMT,Defense,497.50323486328125
E3,2024-07-30,-44,LMT,Defense,506.95086669921875
E3,2024-07-31,-43,LMT,Defense,510.96759033203125
E3,2024-08-01,-42,LMT,Defense,517.5111694335938
E3,2024-08-02,-41,LMT,Defense,517.4263305664062
E3,2024-08-05,-40,LMT,Defense,514.2299194335938
E3,2024-08-06,-39,LMT,Defense,510.6280517578125
E3,2024-08-07,-38,LMT,Defense,517.1810913085938
E3,2024-08-08,-37,LMT,Defense,520.1134643554688
E3,2024-08-09,-36,LMT,Defense,520.0758666992188
E3,2024-08-12,-35,LMT,Defense,525.1015014648438
E3,2024-08-13,-34,LMT,Defense,527.4679565429688
E3,2024-08-14,-33,LMT,Defense,531.0509643554688
E3,2024-08-15,-32,LMT,Defense,528.2883911132812
E3,2024-08-16,-31,LMT,Defense,528.137451171875
E3,2024-08-19,-30,LMT,Defense,526.4968872070312
E3,2024-08-20,-29,LMT,Defense,525.1957397460938
E3,2024-08-21,-28,LMT,Defense,522.13134765625
E3,2024-08-22,-27,LMT,Defense,525.214599609375
E3,2024-08-23,-26,LMT,Defense,523.3098754882812
E3,2024-08-26,-25,LMT,Defense,526.223388671875
E3,2024-08-27,-24,LMT,Defense,528.4014282226562
E3,2024-08-28,-23,LMT,Defense,531.767578125
E3,2024-08-29,-22,LMT,Defense,534.4736938476562
E3,2024-08-30,-21,LMT,Defense,535.6522216796875
E3,2024-09-03,-20,LMT,Defense,537.8045043945312
E3,2024-09-04,-19,LMT,Defense,544.9725341796875
E3,2024-09-05,-18,LMT,Defense,539.103515625
E3,2024-09-06,-17,LMT,Defense,537.2451171875
E3,2024-09-09,-16,LMT,Defense,546.669677734375
E3,2024-09-10,-15,LMT,Defense,542.516845703125
E3,2024-09-11,-14,LMT,Defense,537.55810546875
E3,2024-09-12,-13,LMT,Defense,538.8001098632812
E3,2024-09-13,-12,LMT,Defense,540.35498046875
E3,2024-09-16,-11,LMT,Defense,543.2088623046875
E3,2024-09-17,-10,LMT,Defense,537.60546875
E3,2024-09-18,-9,LMT,Defense,536.1642456054688
E3,2024-09-19,-8,LMT,Defense,535.8703002929688
E3,2024-09-20,-7,LMT,Defense,542.2607421875
E3,2024-09-23,-6,LMT,Defense,550.4053955078125
E3,2024-09-24,-5,LMT,Defense,548.6228637695312
E3,2024-09-25,-4,LMT,Defense,547.9686279296875
E3,2024-09-26,-3,LMT,Defense,547.45654296875
E3,2024-09-27,-2,LMT,Defense,552.159423828125
E3,2024-09-30,-1,LMT,Defense,554.245361328125
E3,2024-10-01,0,LMT,Defense,574.4407348632812
E3,2024-10-02,1,LMT,Defense,571.9185791015625
E3,2024-10-03,2,LMT,Defense,574.4027099609375
E3,2024-10-04,3,LMT,Defense,573.7484741210938
E3,2024-10-07,4,LMT,Defense,574.1372680664062
E3,2024-10-08,5,LMT,Defense,576.5171508789062
E3,2024-10-09,6,LMT,Defense,573.7294921875
E3,2024-10-10,7,LMT,Defense,566.5047607421875
E3,2024-10-11,8,LMT,Defense,572.8382568359375
E3,2024-10-14,9,LMT,Defense,579.1908569335938
E3,2024-10-15,10,LMT,Defense,573.6253051757812
E3,2024-06-21,-70,JETS,Airlines,19.569711685180664
E3,2024-06-24,-69,JETS,Airlines,19.639141082763672
E3,2024-06-25,-68,JETS,Airlines,19.420928955078125
E3,2024-06-26,-67,JETS,Airlines,19.321741104125977
E3,2024-06-27,-66,JETS,Airlines,19.490360260009766
E3,2024-06-28,-65,JETS,Airlines,19.500280380249023
E3,2024-07-01,-64,JETS,Airlines,19.24239158630371
E3,2024-07-02,-63,JETS,Airlines,19.301904678344727
E3,2024-07-03,-62,JETS,Airlines,19.490360260009766
E3,2024-07-05,-61,JETS,Airlines,18.994422912597656
E3,2024-07-08,-60,JETS,Airlines,19.063854217529297
E3,2024-07-09,-59,JETS,Airlines,19.05393409729004
E3,2024-07-10,-58,JETS,Airlines,19.163042068481445
E3,2024-07-11,-57,JETS,Airlines,19.044017791748047
E3,2024-07-12,-56,JETS,Airlines,19.10352897644043
E3,2024-07-15,-55,JETS,Airlines,19.08369255065918
E3,2024-07-16,-54,JETS,Airlines,19.728410720825195
E3,2024-07-17,-53,JETS,Airlines,19.450687408447266
E3,2024-07-18,-52,JETS,Airlines,18.974584579467773
E3,2024-07-19,-51,JETS,Airlines,18.954748153686523
E3,2024-07-22,-50,JETS,Airlines,18.974584579467773
E3,2024-07-23,-49,JETS,Airlines,18.924991607666016
E3,2024-07-24,-48,JETS,Airlines,18.41913414001465
E3,2024-07-25,-47,JETS,Airlines,18.895235061645508
E3,2024-07-26,-46,JETS,Airlines,18.934911727905273
E3,2024-07-29,-45,JETS,Airlines,18.637348175048828
E3,2024-07-30,-44,JETS,Airlines,18.98450469970703
E3,2024-07-31,-43,JETS,Airlines,18.905153274536133
E3,2024-08-01,-42,JETS,Airlines,18.032304763793945
E3,2024-08-02,-41,JETS,Airlines,17.25864028930664
E3,2024-08-05,-40,JETS,Airlines,16.62384033203125
E3,2024-08-06,-39,JETS,Airlines,16.95115852355957
E3,2024-08-07,-38,JETS,Airlines,16.673433303833008
E3,2024-08-08,-37,JETS,Airlines,17.32807159423828
E3,2024-08-09,-36,JETS,Airlines,17.337989807128906
E3,2024-08-12,-35,JETS,Airlines,16.95115852355957
E3,2024-08-13,-34,JETS,Airlines,17.159452438354492
E3,2024-08-14,-33,JETS,Airlines,17.05034637451172
E3,2024-08-15,-32,JETS,Airlines,17.605796813964844
E3,2024-08-16,-31,JETS,Airlines,17.536365509033203
E3,2024-08-19,-30,JETS,Airlines,17.80417251586914
E3,2024-08-20,-29,JETS,Airlines,17.64547348022461
E3,2024-08-21,-28,JETS,Airlines,17.764497756958008
E3,2024-08-22,-27,JETS,Airlines,17.63555335998535
E3,2024-08-23,-26,JETS,Airlines,18.2009220123291
E3,2024-08-26,-25,JETS,Airlines,18.081897735595703
E3,2024-08-27,-24,JETS,Airlines,18.23067855834961
E3,2024-08-28,-23,JETS,Airlines,18.071977615356445
E3,2024-08-29,-22,JETS,Airlines,18.290191650390625
E3,2024-08-30,-21,JETS,Airlines,18.548080444335938
E3,2024-09-03,-20,JETS,Airlines,18.290191650390625
E3,2024-09-04,-19,JETS,Airlines,18.409215927124023
E3,2024-09-05,-18,JETS,Airlines,18.597673416137695
E3,2024-09-06,-17,JETS,Airlines,18.43897247314453
E3,2024-09-09,-16,JETS,Airlines,18.924991607666016
E3,2024-09-10,-15,JETS,Airlines,18.756372451782227
E3,2024-09-11,-14,JETS,Airlines,18.77621078491211
E3,2024-09-12,-13,JETS,Airlines,19.034099578857422
E3,2024-09-13,-12,JETS,Airlines,19.123367309570312
E3,2024-09-16,-11,JETS,Airlines,19.153121948242188
E3,2024-09-17,-10,JETS,Airlines,19.500280380249023
E3,2024-09-18,-9,JETS,Airlines,19.520116806030273
E3,2024-09-19,-8,JETS,Airlines,19.64906120300293
E3,2024-09-20,-7,JETS,Airlines,19.62922477722168
E3,2024-09-23,-6,JETS,Airlines,19.609386444091797
E3,2024-09-24,-5,JETS,Airlines,19.946624755859375
E3,2024-09-25,-4,JETS,Airlines,19.728410720825195
E3,2024-09-26,-3,JETS,Airlines,20.631017684936523
E3,2024-09-27,-2,JETS,Airlines,20.67069435119629
E3,2024-09-30,-1,JETS,Airlines,20.551668167114258
E3,2024-10-01,0,JETS,Airlines,20.293779373168945
E3,2024-10-02,1,JETS,Airlines,20.055728912353516
E3,2024-10-03,2,JETS,Airlines,19.877193450927734
E3,2024-10-04,3,JETS,Airlines,20.541748046875
E3,2024-10-07,4,JETS,Airlines,20.5020751953125
E3,2024-10-08,5,JETS,Airlines,20.66077423095703
E3,2024-10-09,6,JETS,Airlines,20.60126304626465
E3,2024-10-10,7,JETS,Airlines,20.69053077697754
E3,2024-10-11,8,JETS,Airlines,20.888906478881836
E3,2024-10-14,9,JETS,Airlines,21.06744384765625
E3,2024-10-15,10,JETS,Airlines,21.146793365478516
E3,2024-06-21,-70,DAL,Airlines,48.103424072265625
E3,2024-06-24,-69,DAL,Airlines,48.12290573120117
E3,2024-06-25,-68,DAL,Airlines,47.54815673828125
E3,2024-06-26,-67,DAL,Airlines,46.93444061279297
E3,2024-06-27,-66,DAL,Airlines,47.34357833862305
E3,2024-06-28,-65,DAL,Airlines,46.21357345581055
E3,2024-07-01,-64,DAL,Airlines,45.70701217651367
E3,2024-07-02,-63,DAL,Airlines,45.50244140625
E3,2024-07-03,-62,DAL,Airlines,46.16486358642578
E3,2024-07-05,-61,DAL,Airlines,44.83028030395508
E3,2024-07-08,-60,DAL,Airlines,45.15174865722656
E3,2024-07-09,-59,DAL,Airlines,45.677791595458984
E3,2024-07-10,-58,DAL,Airlines,45.6485710144043
E3,2024-07-11,-57,DAL,Airlines,43.82691192626953
E3,2024-07-12,-56,DAL,Airlines,42.49232864379883
E3,2024-07-15,-55,DAL,Airlines,41.88835525512695
E3,2024-07-16,-54,DAL,Airlines,44.83028030395508
E3,2024-07-17,-53,DAL,Airlines,44.57699966430664
E3,2024-07-18,-52,DAL,Airlines,43.75871276855469
E3,2024-07-19,-51,DAL,Airlines,44.2652702331543
E3,2024-07-22,-50,DAL,Airlines,42.6968994140625
E3,2024-07-23,-49,DAL,Airlines,42.48258972167969
E3,2024-07-24,-48,DAL,Airlines,41.82990264892578
E3,2024-07-25,-47,DAL,Airlines,42.3462028503418
E3,2024-07-26,-46,DAL,Airlines,42.989139556884766
E3,2024-07-29,-45,DAL,Airlines,42.06370162963867
E3,2024-07-30,-44,DAL,Airlines,42.25920867919922
E3,2024-07-31,-43,DAL,Airlines,42.05392837524414
E3,2024-08-01,-42,DAL,Airlines,40.568058013916016
E3,2024-08-02,-41,DAL,Airlines,38.93556213378906
E3,2024-08-05,-40,DAL,Airlines,37.07822799682617
E3,2024-08-06,-39,DAL,Airlines,37.36172103881836
E3,2024-08-07,-38,DAL,Airlines,36.481929779052734
E3,2024-08-08,-37,DAL,Airlines,38.72050857543945
E3,2024-08-09,-36,DAL,Airlines,38.41746139526367
E3,2024-08-12,-35,DAL,Airlines,38.18285369873047
E3,2024-08-13,-34,DAL,Airlines,38.61296844482422
E3,2024-08-14,-33,DAL,Airlines,37.82115936279297
E3,2024-08-15,-32,DAL,Airlines,39.2776985168457
E3,2024-08-16,-31,DAL,Airlines,39.248374938964844
E3,2024-08-19,-30,DAL,Airlines,39.561187744140625
E3,2024-08-20,-29,DAL,Airlines,39.21904373168945
E3,2024-08-21,-28,DAL,Airlines,39.2776985168457
E3,2024-08-22,-27,DAL,Airlines,39.23859786987305
E3,2024-08-23,-26,DAL,Airlines,40.45075607299805
E3,2024-08-26,-25,DAL,Airlines,40.059730529785156
E3,2024-08-27,-24,DAL,Airlines,39.8935546875
E3,2024-08-28,-23,DAL,Airlines,39.52208709716797
E3,2024-08-29,-22,DAL,Airlines,40.62671661376953
E3,2024-08-30,-21,DAL,Airlines,41.535831451416016
E3,2024-09-03,-20,DAL,Airlines,41.418521881103516
E3,2024-09-04,-19,DAL,Airlines,41.418521881103516
E3,2024-09-05,-18,DAL,Airlines,41.22301483154297
E3,2024-09-06,-17,DAL,Airlines,41.08616256713867
E3,2024-09-09,-16,DAL,Airlines,42.69910430908203
E3,2024-09-10,-15,DAL,Airlines,42.42539596557617
E3,2024-09-11,-14,DAL,Airlines,43.28562927246094
E3,2024-09-12,-13,DAL,Airlines,43.275856018066406
E3,2024-09-13,-12,DAL,Airlines,44.1654167175293
E3,2024-09-16,-11,DAL,Airlines,44.302276611328125
E3,2024-09-17,-10,DAL,Airlines,45.631736755371094
E3,2024-09-18,-9,DAL,Airlines,45.86634826660156
E3,2024-09-19,-8,DAL,Airlines,46.07162857055664
E3,2024-09-20,-7,DAL,Airlines,45.885894775390625
E3,2024-09-23,-6,DAL,Airlines,46.100955963134766
E3,2024-09-24,-5,DAL,Airlines,46.72658920288086
E3,2024-09-25,-4,DAL,Airlines,47.655250549316406
E3,2024-09-26,-3,DAL,Airlines,50.64653396606445
E3,2024-09-27,-2,DAL,Airlines,50.38259506225586
E3,2024-09-30,-1,DAL,Airlines,49.649436950683594
E3,2024-10-01,0,DAL,Airlines,48.83807373046875
E3,2024-10-02,1,DAL,Airlines,47.313114166259766
E3,2024-10-03,2,DAL,Airlines,46.39421844482422
E3,2024-10-04,3,DAL,Airlines,48.17334747314453
E3,2024-10-07,4,DAL,Airlines,48.35908508300781
E3,2024-10-08,5,DAL,Airlines,49.483253479003906
E3,2024-10-09,6,DAL,Airlines,49.835174560546875
E3,2024-10-10,7,DAL,Airlines,49.30574035644531
E3,2024-10-11,8,DAL,Airlines,50.32538986206055
E3,2024-10-14,9,DAL,Airlines,52.13917922973633
E3,2024-10-15,10,DAL,Airlines,51.69799041748047
E3,2024-06-21,-70,BNO,Controls,31.860000610351562
E3,2024-06-24,-69,BNO,Controls,32.2400016784668
E3,2024-06-25,-68,BNO,Controls,31.8700008392334
E3,2024-06-26,-67,BNO,Controls,31.8700008392334
E3,2024-06-27,-66,BNO,Controls,32.290000915527344
E3,2024-06-28,-65,BNO,Controls,32.150001525878906
E3,2024-07-01,-64,BNO,Controls,32.86000061035156
E3,2024-07-02,-63,BNO,Controls,32.7400016784668
E3,2024-07-03,-62,BNO,Controls,32.810001373291016
E3,2024-07-05,-61,BNO,Controls,32.810001373291016
E3,2024-07-08,-60,BNO,Controls,32.459999084472656
E3,2024-07-09,-59,BNO,Controls,32.119998931884766
E3,2024-07-10,-58,BNO,Controls,32.34000015258789
E3,2024-07-11,-57,BNO,Controls,32.5099983215332
E3,2024-07-12,-56,BNO,Controls,32.22999954223633
E3,2024-07-15,-55,BNO,Controls,32.16999816894531
E3,2024-07-16,-54,BNO,Controls,31.770000457763672
E3,2024-07-17,-53,BNO,Controls,32.2400016784668
E3,2024-07-18,-52,BNO,Controls,32.09000015258789
E3,2024-07-19,-51,BNO,Controls,31.40999984741211
E3,2024-07-22,-50,BNO,Controls,31.270000457763672
E3,2024-07-23,-49,BNO,Controls,30.93000030517578
E3,2024-07-24,-48,BNO,Controls,31.010000228881836
E3,2024-07-25,-47,BNO,Controls,31.270000457763672
E3,2024-07-26,-46,BNO,Controls,30.739999771118164
E3,2024-07-29,-45,BNO,Controls,30.40999984741211
E3,2024-07-30,-44,BNO,Controls,30.15999984741211
E3,2024-07-31,-43,BNO,Controls,31.299999237060547
E3,2024-08-01,-42,BNO,Controls,30.829999923706055
E3,2024-08-02,-41,BNO,Controls,29.729999542236328
E3,2024-08-05,-40,BNO,Controls,29.690000534057617
E3,2024-08-06,-39,BNO,Controls,29.3700008392334
E3,2024-08-07,-38,BNO,Controls,30.18000030517578
E3,2024-08-08,-37,BNO,Controls,30.450000762939453
E3,2024-08-09,-36,BNO,Controls,30.709999084472656
E3,2024-08-12,-35,BNO,Controls,31.549999237060547
E3,2024-08-13,-34,BNO,Controls,31.1299991607666
E3,2024-08-14,-33,BNO,Controls,30.770000457763672
E3,2024-08-15,-32,BNO,Controls,31.170000076293945
E3,2024-08-16,-31,BNO,Controls,30.75
E3,2024-08-19,-30,BNO,Controls,30.010000228881836
E3,2024-08-20,-29,BNO,Controls,29.790000915527344
E3,2024-08-21,-28,BNO,Controls,29.3700008392334
E3,2024-08-22,-27,BNO,Controls,29.709999084472656
E3,2024-08-23,-26,BNO,Controls,30.3799991607666
E3,2024-08-26,-25,BNO,Controls,31.149999618530273
E3,2024-08-27,-24,BNO,Controls,30.639999389648438
E3,2024-08-28,-23,BNO,Controls,30.229999542236328
E3,2024-08-29,-22,BNO,Controls,30.709999084472656
E3,2024-08-30,-21,BNO,Controls,29.950000762939453
E3,2024-09-03,-20,BNO,Controls,28.719999313354492
E3,2024-09-04,-19,BNO,Controls,28.200000762939453
E3,2024-09-05,-18,BNO,Controls,28.309999465942383
E3,2024-09-06,-17,BNO,Controls,27.860000610351562
E3,2024-09-09,-16,BNO,Controls,27.93000030517578
E3,2024-09-10,-15,BNO,Controls,27.1200008392334
E3,2024-09-11,-14,BNO,Controls,27.459999084472656
E3,2024-09-12,-13,BNO,Controls,28.15999984741211
E3,2024-09-13,-12,BNO,Controls,28.1200008392334
E3,2024-09-16,-11,BNO,Controls,28.450000762939453
E3,2024-09-17,-10,BNO,Controls,28.790000915527344
E3,2024-09-18,-9,BNO,Controls,28.399999618530273
E3,2024-09-19,-8,BNO,Controls,29.1299991607666
E3,2024-09-20,-7,BNO,Controls,29.1299991607666
E3,2024-09-23,-6,BNO,Controls,28.920000076293945
E3,2024-09-24,-5,BNO,Controls,29.350000381469727
E3,2024-09-25,-4,BNO,Controls,28.790000915527344
E3,2024-09-26,-3,BNO,Controls,27.8700008392334
E3,2024-09-27,-2,BNO,Controls,28.360000610351562
E3,2024-09-30,-1,BNO,Controls,28.309999465942383
E3,2024-10-01,0,BNO,Controls,29.190000534057617
E3,2024-10-02,1,BNO,Controls,29.479999542236328
E3,2024-10-03,2,BNO,Controls,30.670000076293945
E3,2024-10-04,3,BNO,Controls,30.829999923706055
E3,2024-10-07,4,BNO,Controls,32.0099983215332
E3,2024-10-08,5,BNO,Controls,30.59000015258789
E3,2024-10-09,6,BNO,Controls,30.299999237060547
E3,2024-10-10,7,BNO,Controls,31.34000015258789
E3,2024-10-11,8,BNO,Controls,31.190000534057617
E3,2024-10-14,9,BNO,Controls,30.6299991607666
E3,2024-10-15,10,BNO,Controls,29.450000762939453
E3,2024-06-21,-70,GLD,Controls,214.77999877929688
E3,2024-06-24,-69,GLD,Controls,215.6300048828125
E3,2024-06-25,-68,GLD,Controls,214.55999755859375
E3,2024-06-26,-67,GLD,Controls,212.5800018310547
E3,2024-06-27,-66,GLD,Controls,214.99000549316406
E3,2024-06-28,-65,GLD,Controls,215.00999450683594
E3,2024-07-01,-64,GLD,Controls,215.57000732421875
E3,2024-07-02,-63,GLD,Controls,215.55999755859375
E3,2024-07-03,-62,GLD,Controls,217.99000549316406
E3,2024-07-05,-61,GLD,Controls,220.92999267578125
E3,2024-07-08,-60,GLD,Controls,218.19000244140625
E3,2024-07-09,-59,GLD,Controls,218.55999755859375
E3,2024-07-10,-58,GLD,Controls,219.36000061035156
E3,2024-07-11,-57,GLD,Controls,223.25
E3,2024-07-12,-56,GLD,Controls,223.11000061035156
E3,2024-07-15,-55,GLD,Controls,223.8300018310547
E3,2024-07-16,-54,GLD,Controls,228.2899932861328
E3,2024-07-17,-53,GLD,Controls,227.22999572753906
E3,2024-07-18,-52,GLD,Controls,225.77999877929688
E3,2024-07-19,-51,GLD,Controls,221.72999572753906
E3,2024-07-22,-50,GLD,Controls,221.8000030517578
E3,2024-07-23,-49,GLD,Controls,222.5800018310547
E3,2024-07-24,-48,GLD,Controls,221.8000030517578
E3,2024-07-25,-47,GLD,Controls,218.3300018310547
E3,2024-07-26,-46,GLD,Controls,220.6300048828125
E3,2024-07-29,-45,GLD,Controls,220.32000732421875
E3,2024-07-30,-44,GLD,Controls,222.52000427246094
E3,2024-07-31,-43,GLD,Controls,226.5500030517578
E3,2024-08-01,-42,GLD,Controls,225.77000427246094
E3,2024-08-02,-41,GLD,Controls,225.33999633789062
E3,2024-08-05,-40,GLD,Controls,222.47999572753906
E3,2024-08-06,-39,GLD,Controls,220.6999969482422
E3,2024-08-07,-38,GLD,Controls,220.5500030517578
E3,2024-08-08,-37,GLD,Controls,224.00999450683594
E3,2024-08-09,-36,GLD,Controls,224.55999755859375
E3,2024-08-12,-35,GLD,Controls,228.41000366210938
E3,2024-08-13,-34,GLD,Controls,228.05999755859375
E3,2024-08-14,-33,GLD,Controls,226.1999969482422
E3,2024-08-15,-32,GLD,Controls,226.91000366210938
E3,2024-08-16,-31,GLD,Controls,231.99000549316406
E3,2024-08-19,-30,GLD,Controls,231.61000061035156
E3,2024-08-20,-29,GLD,Controls,232.4600067138672
E3,2024-08-21,-28,GLD,Controls,232.14999389648438
E3,2024-08-22,-27,GLD,Controls,229.3699951171875
E3,2024-08-23,-26,GLD,Controls,232.02000427246094
E3,2024-08-26,-25,GLD,Controls,232.75999450683594
E3,2024-08-27,-24,GLD,Controls,233.38999938964844
E3,2024-08-28,-23,GLD,Controls,231.75
E3,2024-08-29,-22,GLD,Controls,232.9499969482422
E3,2024-08-30,-21,GLD,Controls,231.2899932861328
E3,2024-09-03,-20,GLD,Controls,230.2899932861328
E3,2024-09-04,-19,GLD,Controls,230.42999267578125
E3,2024-09-05,-18,GLD,Controls,232.35000610351562
E3,2024-09-06,-17,GLD,Controls,230.6300048828125
E3,2024-09-09,-16,GLD,Controls,231.60000610351562
E3,2024-09-10,-15,GLD,Controls,232.6199951171875
E3,2024-09-11,-14,GLD,Controls,232.25
E3,2024-09-12,-13,GLD,Controls,236.3300018310547
E3,2024-09-13,-12,GLD,Controls,238.67999267578125
E3,2024-09-16,-11,GLD,Controls,238.66000366210938
E3,2024-09-17,-10,GLD,Controls,237.33999633789062
E3,2024-09-18,-9,GLD,Controls,235.50999450683594
E3,2024-09-19,-8,GLD,Controls,239.1699981689453
E3,2024-09-20,-7,GLD,Controls,242.2100067138672
E3,2024-09-23,-6,GLD,Controls,242.67999267578125
E3,2024-09-24,-5,GLD,Controls,246.07000732421875
E3,2024-09-25,-4,GLD,Controls,245.72999572753906
E3,2024-09-26,-3,GLD,Controls,246.97999572753906
E3,2024-09-27,-2,GLD,Controls,245.02000427246094
E3,2024-09-30,-1,GLD,Controls,243.05999755859375
E3,2024-10-01,0,GLD,Controls,245.61000061035156
E3,2024-10-02,1,GLD,Controls,245.66000366210938
E3,2024-10-03,2,GLD,Controls,245.49000549316406
E3,2024-10-04,3,GLD,Controls,245.0
E3,2024-10-07,4,GLD,Controls,244.1699981689453
E3,2024-10-08,5,GLD,Controls,242.3699951171875
E3,2024-10-09,6,GLD,Controls,241.0500030517578
E3,2024-10-10,7,GLD,Controls,242.82000732421875
E3,2024-10-11,8,GLD,Controls,245.47000122070312
E3,2024-10-14,9,GLD,Controls,245.07000732421875
E3,2024-10-15,10,GLD,Controls,245.9199981689453
E4,2025-03-05,-70,^GSPC,Benchmark,5842.6298828125
E4,2025-03-06,-69,^GSPC,Benchmark,5738.52001953125
E4,2025-03-07,-68,^GSPC,Benchmark,5770.2001953125
E4,2025-03-10,-67,^GSPC,Benchmark,5614.56005859375
E4,2025-03-11,-66,^GSPC,Benchmark,5572.06982421875
E4,2025-03-12,-65,^GSPC,Benchmark,5599.2998046875
E4,2025-03-13,-64,^GSPC,Benchmark,5521.52001953125
E4,2025-03-14,-63,^GSPC,Benchmark,5638.93994140625
E4,2025-03-17,-62,^GSPC,Benchmark,5675.1201171875
E4,2025-03-18,-61,^GSPC,Benchmark,5614.66015625
E4,2025-03-19,-60,^GSPC,Benchmark,5675.2900390625
E4,2025-03-20,-59,^GSPC,Benchmark,5662.89013671875
E4,2025-03-21,-58,^GSPC,Benchmark,5667.56005859375
E4,2025-03-24,-57,^GSPC,Benchmark,5767.56982421875
E4,2025-03-25,-56,^GSPC,Benchmark,5776.64990234375
E4,2025-03-26,-55,^GSPC,Benchmark,5712.2001953125
E4,2025-03-27,-54,^GSPC,Benchmark,5693.31005859375
E4,2025-03-28,-53,^GSPC,Benchmark,5580.93994140625
E4,2025-03-31,-52,^GSPC,Benchmark,5611.85009765625
E4,2025-04-01,-51,^GSPC,Benchmark,5633.06982421875
E4,2025-04-02,-50,^GSPC,Benchmark,5670.97021484375
E4,2025-04-03,-49,^GSPC,Benchmark,5396.52001953125
E4,2025-04-04,-48,^GSPC,Benchmark,5074.080078125
E4,2025-04-07,-47,^GSPC,Benchmark,5062.25
E4,2025-04-08,-46,^GSPC,Benchmark,4982.77001953125
E4,2025-04-09,-45,^GSPC,Benchmark,5456.89990234375
E4,2025-04-10,-44,^GSPC,Benchmark,5268.0498046875
E4,2025-04-11,-43,^GSPC,Benchmark,5363.35986328125
E4,2025-04-14,-42,^GSPC,Benchmark,5405.97021484375
E4,2025-04-15,-41,^GSPC,Benchmark,5396.6298828125
E4,2025-04-16,-40,^GSPC,Benchmark,5275.7001953125
E4,2025-04-17,-39,^GSPC,Benchmark,5282.7001953125
E4,2025-04-21,-38,^GSPC,Benchmark,5158.2001953125
E4,2025-04-22,-37,^GSPC,Benchmark,5287.759765625
E4,2025-04-23,-36,^GSPC,Benchmark,5375.85986328125
E4,2025-04-24,-35,^GSPC,Benchmark,5484.77001953125
E4,2025-04-25,-34,^GSPC,Benchmark,5525.2099609375
E4,2025-04-28,-33,^GSPC,Benchmark,5528.75
E4,2025-04-29,-32,^GSPC,Benchmark,5560.830078125
E4,2025-04-30,-31,^GSPC,Benchmark,5569.06005859375
E4,2025-05-01,-30,^GSPC,Benchmark,5604.14013671875
E4,2025-05-02,-29,^GSPC,Benchmark,5686.669921875
E4,2025-05-05,-28,^GSPC,Benchmark,5650.3798828125
E4,2025-05-06,-27,^GSPC,Benchmark,5606.91015625
E4,2025-05-07,-26,^GSPC,Benchmark,5631.27978515625
E4,2025-05-08,-25,^GSPC,Benchmark,5663.93994140625
E4,2025-05-09,-24,^GSPC,Benchmark,5659.91015625
E4,2025-05-12,-23,^GSPC,Benchmark,5844.18994140625
E4,2025-05-13,-22,^GSPC,Benchmark,5886.5498046875
E4,2025-05-14,-21,^GSPC,Benchmark,5892.580078125
E4,2025-05-15,-20,^GSPC,Benchmark,5916.93017578125
E4,2025-05-16,-19,^GSPC,Benchmark,5958.3798828125
E4,2025-05-19,-18,^GSPC,Benchmark,5963.60009765625
E4,2025-05-20,-17,^GSPC,Benchmark,5940.4599609375
E4,2025-05-21,-16,^GSPC,Benchmark,5844.60986328125
E4,2025-05-22,-15,^GSPC,Benchmark,5842.009765625
E4,2025-05-23,-14,^GSPC,Benchmark,5802.81982421875
E4,2025-05-27,-13,^GSPC,Benchmark,5921.5400390625
E4,2025-05-28,-12,^GSPC,Benchmark,5888.5498046875
E4,2025-05-29,-11,^GSPC,Benchmark,5912.169921875
E4,2025-05-30,-10,^GSPC,Benchmark,5911.68994140625
E4,2025-06-02,-9,^GSPC,Benchmark,5935.93994140625
E4,2025-06-03,-8,^GSPC,Benchmark,5970.3701171875
E4,2025-06-04,-7,^GSPC,Benchmark,5970.81005859375
E4,2025-06-05,-6,^GSPC,Benchmark,5939.2998046875
E4,2025-06-06,-5,^GSPC,Benchmark,6000.35986328125
E4,2025-06-09,-4,^GSPC,Benchmark,6005.8798828125
E4,2025-06-10,-3,^GSPC,Benchmark,6038.81005859375
E4,2025-06-11,-2,^GSPC,Benchmark,6022.240234375
E4,2025-06-12,-1,^GSPC,Benchmark,6045.259765625
E4,2025-06-13,0,^GSPC,Benchmark,5976.97021484375
E4,2025-06-16,1,^GSPC,Benchmark,6033.10986328125
E4,2025-06-17,2,^GSPC,Benchmark,5982.72021484375
E4,2025-06-18,3,^GSPC,Benchmark,5980.8701171875
E4,2025-06-20,4,^GSPC,Benchmark,5967.83984375
E4,2025-06-23,5,^GSPC,Benchmark,6025.169921875
E4,2025-06-24,6,^GSPC,Benchmark,6092.18017578125
E4,2025-06-25,7,^GSPC,Benchmark,6092.16015625
E4,2025-06-26,8,^GSPC,Benchmark,6141.02001953125
E4,2025-06-27,9,^GSPC,Benchmark,6173.06982421875
E4,2025-06-30,10,^GSPC,Benchmark,6204.9501953125
E4,2025-03-05,-70,^VIX,Benchmark,21.93000030517578
E4,2025-03-06,-69,^VIX,Benchmark,24.8700008392334
E4,2025-03-07,-68,^VIX,Benchmark,23.3700008392334
E4,2025-03-10,-67,^VIX,Benchmark,27.860000610351562
E4,2025-03-11,-66,^VIX,Benchmark,26.920000076293945
E4,2025-03-12,-65,^VIX,Benchmark,24.229999542236328
E4,2025-03-13,-64,^VIX,Benchmark,24.65999984741211
E4,2025-03-14,-63,^VIX,Benchmark,21.770000457763672
E4,2025-03-17,-62,^VIX,Benchmark,20.510000228881836
E4,2025-03-18,-61,^VIX,Benchmark,21.700000762939453
E4,2025-03-19,-60,^VIX,Benchmark,19.899999618530273
E4,2025-03-20,-59,^VIX,Benchmark,19.799999237060547
E4,2025-03-21,-58,^VIX,Benchmark,19.280000686645508
E4,2025-03-24,-57,^VIX,Benchmark,17.479999542236328
E4,2025-03-25,-56,^VIX,Benchmark,17.149999618530273
E4,2025-03-26,-55,^VIX,Benchmark,18.329999923706055
E4,2025-03-27,-54,^VIX,Benchmark,18.690000534057617
E4,2025-03-28,-53,^VIX,Benchmark,21.649999618530273
E4,2025-03-31,-52,^VIX,Benchmark,22.280000686645508
E4,2025-04-01,-51,^VIX,Benchmark,21.770000457763672
E4,2025-04-02,-50,^VIX,Benchmark,21.510000228881836
E4,2025-04-03,-49,^VIX,Benchmark,30.020000457763672
E4,2025-04-04,-48,^VIX,Benchmark,45.310001373291016
E4,2025-04-07,-47,^VIX,Benchmark,46.97999954223633
E4,2025-04-08,-46,^VIX,Benchmark,52.33000183105469
E4,2025-04-09,-45,^VIX,Benchmark,33.619998931884766
E4,2025-04-10,-44,^VIX,Benchmark,40.720001220703125
E4,2025-04-11,-43,^VIX,Benchmark,37.560001373291016
E4,2025-04-14,-42,^VIX,Benchmark,30.889999389648438
E4,2025-04-15,-41,^VIX,Benchmark,30.1200008392334
E4,2025-04-16,-40,^VIX,Benchmark,32.63999938964844
E4,2025-04-17,-39,^VIX,Benchmark,29.649999618530273
E4,2025-04-21,-38,^VIX,Benchmark,33.81999969482422
E4,2025-04-22,-37,^VIX,Benchmark,30.56999969482422
E4,2025-04-23,-36,^VIX,Benchmark,28.450000762939453
E4,2025-04-24,-35,^VIX,Benchmark,26.469999313354492
E4,2025-04-25,-34,^VIX,Benchmark,24.84000015258789
E4,2025-04-28,-33,^VIX,Benchmark,25.149999618530273
E4,2025-04-29,-32,^VIX,Benchmark,24.170000076293945
E4,2025-04-30,-31,^VIX,Benchmark,24.700000762939453
E4,2025-05-01,-30,^VIX,Benchmark,24.600000381469727
E4,2025-05-02,-29,^VIX,Benchmark,22.68000030517578
E4,2025-05-05,-28,^VIX,Benchmark,23.639999389648438
E4,2025-05-06,-27,^VIX,Benchmark,24.760000228881836
E4,2025-05-07,-26,^VIX,Benchmark,23.549999237060547
E4,2025-05-08,-25,^VIX,Benchmark,22.479999542236328
E4,2025-05-09,-24,^VIX,Benchmark,21.899999618530273
E4,2025-05-12,-23,^VIX,Benchmark,18.389999389648438
E4,2025-05-13,-22,^VIX,Benchmark,18.219999313354492
E4,2025-05-14,-21,^VIX,Benchmark,18.6200008392334
E4,2025-05-15,-20,^VIX,Benchmark,17.829999923706055
E4,2025-05-16,-19,^VIX,Benchmark,17.239999771118164
E4,2025-05-19,-18,^VIX,Benchmark,18.139999389648438
E4,2025-05-20,-17,^VIX,Benchmark,18.09000015258789
E4,2025-05-21,-16,^VIX,Benchmark,20.8700008392334
E4,2025-05-22,-15,^VIX,Benchmark,20.280000686645508
E4,2025-05-23,-14,^VIX,Benchmark,22.290000915527344
E4,2025-05-27,-13,^VIX,Benchmark,18.959999084472656
E4,2025-05-28,-12,^VIX,Benchmark,19.309999465942383
E4,2025-05-29,-11,^VIX,Benchmark,19.18000030517578
E4,2025-05-30,-10,^VIX,Benchmark,18.56999969482422
E4,2025-06-02,-9,^VIX,Benchmark,18.360000610351562
E4,2025-06-03,-8,^VIX,Benchmark,17.690000534057617
E4,2025-06-04,-7,^VIX,Benchmark,17.610000610351562
E4,2025-06-05,-6,^VIX,Benchmark,18.479999542236328
E4,2025-06-06,-5,^VIX,Benchmark,16.770000457763672
E4,2025-06-09,-4,^VIX,Benchmark,17.15999984741211
E4,2025-06-10,-3,^VIX,Benchmark,16.950000762939453
E4,2025-06-11,-2,^VIX,Benchmark,17.260000228881836
E4,2025-06-12,-1,^VIX,Benchmark,18.020000457763672
E4,2025-06-13,0,^VIX,Benchmark,20.81999969482422
E4,2025-06-16,1,^VIX,Benchmark,19.110000610351562
E4,2025-06-17,2,^VIX,Benchmark,21.600000381469727
E4,2025-06-18,3,^VIX,Benchmark,20.139999389648438
E4,2025-06-20,4,^VIX,Benchmark,20.6200008392334
E4,2025-06-23,5,^VIX,Benchmark,19.829999923706055
E4,2025-06-24,6,^VIX,Benchmark,17.479999542236328
E4,2025-06-25,7,^VIX,Benchmark,16.760000228881836
E4,2025-06-26,8,^VIX,Benchmark,16.59000015258789
E4,2025-06-27,9,^VIX,Benchmark,16.31999969482422
E4,2025-06-30,10,^VIX,Benchmark,16.729999542236328
E4,2025-03-05,-70,XLE,Energy,40.90084457397461
E4,2025-03-06,-69,XLE,Energy,41.02492904663086
E4,2025-03-07,-68,XLE,Energy,41.72650146484375
E4,2025-03-10,-67,XLE,Energy,42.036720275878906
E4,2025-03-11,-66,XLE,Energy,41.70263671875
E4,2025-03-12,-65,XLE,Energy,41.89353942871094
E4,2025-03-13,-64,XLE,Energy,41.60718536376953
E4,2025-03-14,-63,XLE,Energy,42.83850860595703
E4,2025-03-17,-62,XLE,Energy,43.52098083496094
E4,2025-03-18,-61,XLE,Energy,43.59257125854492
E4,2025-03-19,-60,XLE,Energy,44.303680419921875
E4,2025-03-20,-59,XLE,Energy,44.46595001220703
E4,2025-03-21,-58,XLE,Energy,44.155731201171875
E4,2025-03-24,-57,XLE,Energy,44.65884017944336
E4,2025-03-25,-56,XLE,Energy,44.841609954833984
E4,2025-03-26,-55,XLE,Energy,45.10614776611328
E4,2025-03-27,-54,XLE,Energy,44.66845703125
E4,2025-03-28,-53,XLE,Energy,44.45682907104492
E4,2025-03-31,-52,XLE,Energy,44.947425842285156
E4,2025-04-01,-51,XLE,Energy,45.21195983886719
E4,2025-04-02,-50,XLE,Energy,45.27448654174805
E4,2025-04-03,-49,XLE,Energy,41.72005844116211
E4,2025-04-04,-48,XLE,Energy,37.88185501098633
E4,2025-04-07,-47,XLE,Energy,37.63655471801758
E4,2025-04-08,-46,XLE,Energy,36.76598358154297
E4,2025-04-09,-45,XLE,Energy,39.61337661743164
E4,2025-04-10,-44,XLE,Energy,37.02571487426758
E4,2025-04-11,-43,XLE,Energy,37.94437789916992
E4,2025-04-14,-42,XLE,Energy,38.07905578613281
E4,2025-04-15,-41,XLE,Energy,38.021339416503906
E4,2025-04-16,-40,XLE,Energy,38.3339729309082
E4,2025-04-17,-39,XLE,Energy,39.199729919433594
E4,2025-04-21,-38,XLE,Energy,38.17524719238281
E4,2025-04-22,-37,XLE,Energy,39.14682388305664
E4,2025-04-23,-36,XLE,Energy,39.07468032836914
E4,2025-04-24,-35,XLE,Energy,39.699954986572266
E4,2025-04-25,-34,XLE,Energy,39.627803802490234
E4,2025-04-28,-33,XLE,Energy,39.90677261352539
E4,2025-04-29,-32,XLE,Energy,39.791343688964844
E4,2025-04-30,-31,XLE,Energy,38.71875762939453
E4,2025-05-01,-30,XLE,Energy,38.8630485534668
E4,2025-05-02,-29,XLE,Energy,39.430606842041016
E4,2025-05-05,-28,XLE,Energy,38.71875762939453
E4,2025-05-06,-27,XLE,Energy,38.72837448120117
E4,2025-05-07,-26,XLE,Energy,38.74280548095703
E4,2025-05-08,-25,XLE,Energy,39.252647399902344
E4,2025-05-09,-24,XLE,Energy,39.64704513549805
E4,2025-05-12,-23,XLE,Energy,40.68114471435547
E4,2025-05-13,-22,XLE,Energy,41.253509521484375
E4,2025-05-14,-21,XLE,Energy,41.00340270996094
E4,2025-05-15,-20,XLE,Energy,41.17655563354492
E4,2025-05-16,-19,XLE,Energy,41.11402893066406
E4,2025-05-19,-18,XLE,Energy,40.58014678955078
E4,2025-05-20,-17,XLE,Energy,40.204978942871094
E4,2025-05-21,-16,XLE,Energy,39.464271545410156
E4,2025-05-22,-15,XLE,Energy,39.31035614013672
E4,2025-05-23,-14,XLE,Energy,39.43540954589844
E4,2025-05-27,-13,XLE,Energy,39.77690887451172
E4,2025-05-28,-12,XLE,Energy,39.271881103515625
E4,2025-05-29,-11,XLE,Energy,39.565277099609375
E4,2025-05-30,-10,XLE,Energy,39.21416091918945
E4,2025-06-02,-9,XLE,Energy,39.72881317138672
E4,2025-06-03,-8,XLE,Energy,40.200172424316406
E4,2025-06-04,-7,XLE,Energy,39.416175842285156
E4,2025-06-05,-6,XLE,Energy,39.37770080566406
E4,2025-06-06,-5,XLE,Energy,40.11840057373047
E4,2025-06-09,-4,XLE,Energy,40.19535827636719
E4,2025-06-10,-3,XLE,Energy,40.91201400756836
E4,2025-06-11,-2,XLE,Energy,41.50362014770508
E4,2025-06-12,-1,XLE,Energy,41.64791488647461
E4,2025-06-13,0,XLE,Energy,42.37419509887695
E4,2025-06-16,1,XLE,Energy,42.249141693115234
E4,2025-06-17,2,XLE,Energy,42.64353942871094
E4,2025-06-18,3,XLE,Energy,42.36457443237305
E4,2025-06-20,4,XLE,Energy,42.797454833984375
E4,2025-06-23,5,XLE,Energy,41.71517562866211
E4,2025-06-24,6,XLE,Energy,41.17210006713867
E4,2025-06-25,7,XLE,Energy,40.9926872253418
E4,2025-06-26,8,XLE,Energy,41.579402923583984
E4,2025-06-27,9,XLE,Energy,41.3612060546875
E4,2025-06-30,10,XLE,Energy,41.12360382080078
E4,2025-03-05,-70,XOM,Energy,100.598876953125
E4,2025-03-06,-69,XOM,Energy,102.67879486083984
E4,2025-03-07,-68,XOM,Energy,104.01451110839844
E4,2025-03-10,-67,XOM,Energy,106.6668701171875
E4,2025-03-11,-66,XOM,Energy,104.14807891845703
E4,2025-03-12,-65,XOM,Energy,104.11944580078125
E4,2025-03-13,-64,XOM,Energy,103.68058013916016
E4,2025-03-14,-63,XOM,Energy,106.76227569580078
E4,2025-03-17,-62,XOM,Energy,108.53688049316406
E4,2025-03-18,-61,XOM,Energy,108.42237854003906
E4,2025-03-19,-60,XOM,Energy,110.11112213134766
E4,2025-03-20,-59,XOM,Energy,110.57861328125
E4,2025-03-21,-58,XOM,Energy,110.19699096679688
E4,2025-03-24,-57,XOM,Energy,110.48321533203125
E4,2025-03-25,-56,XOM,Energy,111.23692321777344
E4,2025-03-26,-55,XOM,Energy,112.83979797363281
E4,2025-03-27,-54,XOM,Energy,112.47724914550781
E4,2025-03-28,-53,XOM,Energy,112.32459259033203
E4,2025-03-31,-52,XOM,Energy,113.4695053100586
E4,2025-04-01,-51,XOM,Energy,113.57445526123047
E4,2025-04-02,-50,XOM,Energy,113.22142791748047
E4,2025-04-03,-49,XOM,Energy,107.26793670654297
E4,2025-04-04,-48,XOM,Energy,99.54936981201172
E4,2025-04-07,-47,XOM,Energy,98.21366119384766
E4,2025-04-08,-46,XOM,Energy,96.1432876586914
E4,2025-04-09,-45,XOM,Energy,100.94234466552734
E4,2025-04-10,-44,XOM,Energy,95.34185791015625
E4,2025-04-11,-43,XOM,Energy,98.40447998046875
E4,2025-04-14,-42,XOM,Energy,98.64299011230469
E4,2025-04-15,-41,XOM,Energy,98.3663101196289
E4,2025-04-16,-40,XOM,Energy,99.4062728881836
E4,2025-04-17,-39,XOM,Energy,102.01091003417969
E4,2025-04-21,-38,XOM,Energy,100.51300048828125
E4,2025-04-22,-37,XOM,Energy,103.32756805419922
E4,2025-04-23,-36,XOM,Energy,102.44026184082031
E4,2025-04-24,-35,XOM,Energy,103.64241027832031
E4,2025-04-25,-34,XOM,Energy,103.58516693115234
E4,2025-04-28,-33,XOM,Energy,103.64241027832031
E4,2025-04-29,-32,XOM,Energy,103.38481140136719
E4,2025-04-30,-31,XOM,Energy,100.7801513671875
E4,2025-05-01,-30,XOM,Energy,100.92326354980469
E4,2025-05-02,-29,XOM,Energy,101.33352661132812
E4,2025-05-05,-28,XOM,Energy,98.52850341796875
E4,2025-05-06,-27,XOM,Energy,99.90239715576172
E4,2025-05-07,-26,XOM,Energy,99.8069839477539
E4,2025-05-08,-25,XOM,Energy,101.19994354248047
E4,2025-05-09,-24,XOM,Energy,102.38301086425781
E4,2025-05-12,-23,XOM,Energy,104.14807891845703
E4,2025-05-13,-22,XOM,Energy,104.4343032836914
E4,2025-05-14,-21,XOM,Energy,103.49929809570312
E4,2025-05-15,-20,XOM,Energy,104.548828125
E4,2025-05-16,-19,XOM,Energy,104.17330932617188
E4,2025-05-19,-18,XOM,Energy,102.51717376708984
E4,2025-05-20,-17,XOM,Energy,101.05359649658203
E4,2025-05-21,-16,XOM,Energy,99.8115005493164
E4,2025-05-22,-15,XOM,Energy,99.1471176147461
E4,2025-05-23,-14,XOM,Energy,99.20487976074219
E4,2025-05-27,-13,XOM,Energy,99.67668151855469
E4,2025-05-28,-12,XOM,Energy,98.31904602050781
E4,2025-05-29,-11,XOM,Energy,98.87751007080078
E4,2025-05-30,-10,XOM,Energy,98.50199127197266
E4,2025-06-02,-9,XOM,Energy,99.2241439819336
E4,2025-06-03,-8,XOM,Energy,99.94630432128906
E4,2025-06-04,-7,XOM,Energy,98.50199127197266
E4,2025-06-05,-6,XOM,Energy,98.0494384765625
E4,2025-06-06,-5,XOM,Energy,100.39883422851562
E4,2025-06-09,-4,XOM,Energy,101.07286071777344
E4,2025-06-10,-3,XOM,Energy,103.23931884765625
E4,2025-06-11,-2,XOM,Energy,105.25172424316406
E4,2025-06-12,-1,XOM,Energy,105.65613555908203
E4,2025-06-13,0,XOM,Energy,107.95740509033203
E4,2025-06-16,1,XOM,Energy,108.30403900146484
E4,2025-06-17,2,XOM,Energy,109.76760864257812
E4,2025-06-18,3,XOM,Energy,108.98768615722656
E4,2025-06-20,4,XOM,Energy,110.44161987304688
E4,2025-06-23,5,XOM,Energy,107.59150695800781
E4,2025-06-24,6,XOM,Energy,104.31774139404297
E4,2025-06-25,7,XOM,Energy,104.34663391113281
E4,2025-06-26,8,XOM,Energy,105.90648651123047
E4,2025-06-27,9,XOM,Energy,105.31913757324219
E4,2025-06-30,10,XOM,Energy,103.79779052734375
E4,2025-03-05,-70,ITA,Defense,151.17808532714844
E4,2025-03-06,-69,ITA,Defense,148.115234375
E4,2025-03-07,-68,ITA,Defense,148.42254638671875
E4,2025-03-10,-67,ITA,Defense,146.8167724609375
E4,2025-03-11,-66,ITA,Defense,147.02491760253906
E4,2025-03-12,-65,ITA,Defense,148.01614379882812
E4,2025-03-13,-64,ITA,Defense,147.61965942382812
E4,2025-03-14,-63,ITA,Defense,149.90933227539062
E4,2025-03-17,-62,ITA,Defense,152.0800323486328
E4,2025-03-18,-61,ITA,Defense,151.63626098632812
E4,2025-03-19,-60,ITA,Defense,155.2601318359375
E4,2025-03-20,-59,ITA,Defense,154.01905822753906
E4,2025-03-21,-58,ITA,Defense,153.63186645507812
E4,2025-03-24,-57,ITA,Defense,156.98765563964844
E4,2025-03-25,-56,ITA,Defense,158.35775756835938
E4,2025-03-26,-55,ITA,Defense,156.0047607421875
E4,2025-03-27,-54,ITA,Defense,155.25018310546875
E4,2025-03-28,-53,ITA,Defense,152.13267517089844
E4,2025-03-31,-52,ITA,Defense,152.0036163330078
E4,2025-04-01,-51,ITA,Defense,153.10565185546875
E4,2025-04-02,-50,ITA,Defense,153.6715545654297
E4,2025-04-03,-49,ITA,Defense,146.72169494628906
E4,2025-04-04,-48,ITA,Defense,134.34100341796875
E4,2025-04-07,-47,ITA,Defense,134.82749938964844
E4,2025-04-08,-46,ITA,Defense,136.41603088378906
E4,2025-04-09,-45,ITA,Defense,148.7570343017578
E4,2025-04-10,-44,ITA,Defense,146.02671813964844
E4,2025-04-11,-43,ITA,Defense,148.0421600341797
E4,2025-04-14,-42,ITA,Defense,149.78958129882812
E4,2025-04-15,-41,ITA,Defense,149.2335968017578
E4,2025-04-16,-40,ITA,Defense,148.58824157714844
E4,2025-04-17,-39,ITA,Defense,148.47903442382812
E4,2025-04-21,-38,ITA,Defense,145.41116333007812
E4,2025-04-22,-37,ITA,Defense,145.11331176757812
E4,2025-04-23,-36,ITA,Defense,149.16409301757812
E4,2025-04-24,-35,ITA,Defense,151.76531982421875
E4,2025-04-25,-34,ITA,Defense,153.62191772460938
E4,2025-04-28,-33,ITA,Defense,154.60484313964844
E4,2025-04-29,-32,ITA,Defense,155.30975341796875
E4,2025-04-30,-31,ITA,Defense,155.78634643554688
E4,2025-05-01,-30,ITA,Defense,157.41456604003906
E4,2025-05-02,-29,ITA,Defense,160.20443725585938
E4,2025-05-05,-28,ITA,Defense,160.09523010253906
E4,2025-05-06,-27,ITA,Defense,158.9832763671875
E4,2025-05-07,-26,ITA,Defense,159.16197204589844
E4,2025-05-08,-25,ITA,Defense,162.26954650878906
E4,2025-05-09,-24,ITA,Defense,162.1603546142578
E4,2025-05-12,-23,ITA,Defense,164.4538116455078
E4,2025-05-13,-22,ITA,Defense,165.74449157714844
E4,2025-05-14,-21,ITA,Defense,165.92320251464844
E4,2025-05-15,-20,ITA,Defense,169.4477996826172
E4,2025-05-16,-19,ITA,Defense,170.70867919921875
E4,2025-05-19,-18,ITA,Defense,172.0589599609375
E4,2025-05-20,-17,ITA,Defense,172.16815185546875
E4,2025-05-21,-16,ITA,Defense,169.56690979003906
E4,2025-05-22,-15,ITA,Defense,168.98114013671875
E4,2025-05-23,-14,ITA,Defense,169.82505798339844
E4,2025-05-27,-13,ITA,Defense,174.0247802734375
E4,2025-05-28,-12,ITA,Defense,174.2432098388672
E4,2025-05-29,-11,ITA,Defense,175.04739379882812
E4,2025-05-30,-10,ITA,Defense,175.97073364257812
E4,2025-06-02,-9,ITA,Defense,176.9635772705078
E4,2025-06-03,-8,ITA,Defense,178.06564331054688
E4,2025-06-04,-7,ITA,Defense,178.84996032714844
E4,2025-06-05,-6,ITA,Defense,178.9492645263672
E4,2025-06-06,-5,ITA,Defense,180.6569366455078
E4,2025-06-09,-4,ITA,Defense,181.33204650878906
E4,2025-06-10,-3,ITA,Defense,177.8472137451172
E4,2025-06-11,-2,ITA,Defense,179.39602661132812
E4,2025-06-12,-1,ITA,Defense,178.18475341796875
E4,2025-06-13,0,ITA,Defense,178.92941284179688
E4,2025-06-16,1,ITA,Defense,178.0469207763672
E4,2025-06-17,2,ITA,Defense,178.86181640625
E4,2025-06-18,3,ITA,Defense,177.6692657470703
E4,2025-06-20,4,ITA,Defense,179.31895446777344
E4,2025-06-23,5,ITA,Defense,181.87298583984375
E4,2025-06-24,6,ITA,Defense,180.62081909179688
E4,2025-06-25,7,ITA,Defense,180.9090118408203
E4,2025-06-26,8,ITA,Defense,183.3537139892578
E4,2025-06-27,9,ITA,Defense,186.38478088378906
E4,2025-06-30,10,ITA,Defense,187.468017578125
E4,2025-03-05,-70,LMT,Defense,442.5238342285156
E4,2025-03-06,-69,LMT,Defense,443.561767578125
E4,2025-03-07,-68,LMT,Defense,455.239501953125
E4,2025-03-10,-67,LMT,Defense,460.54498291015625
E4,2025-03-11,-66,LMT,Defense,450.65496826171875
E4,2025-03-12,-65,LMT,Defense,443.561767578125
E4,2025-03-13,-64,LMT,Defense,449.74188232421875
E4,2025-03-14,-63,LMT,Defense,448.05029296875
E4,2025-03-17,-62,LMT,Defense,449.4342956542969
E4,2025-03-18,-61,LMT,Defense,451.0394287109375
E4,2025-03-19,-60,LMT,Defense,452.2600402832031
E4,2025-03-20,-59,LMT,Defense,448.5980529785156
E4,2025-03-21,-58,LMT,Defense,422.6091613769531
E4,2025-03-24,-57,LMT,Defense,418.0726318359375
E4,2025-03-25,-56,LMT,Defense,424.8870544433594
E4,2025-03-26,-55,LMT,Defense,427.8665771484375
E4,2025-03-27,-54,LMT,Defense,425.0888977050781
E4,2025-03-28,-53,LMT,Defense,424.3295593261719
E4,2025-03-31,-52,LMT,Defense,429.3467102050781
E4,2025-04-01,-51,LMT,Defense,431.20166015625
E4,2025-04-02,-50,LMT,Defense,435.2672424316406
E4,2025-04-03,-49,LMT,Defense,437.1029968261719
E4,2025-04-04,-48,LMT,Defense,415.3526306152344
E4,2025-04-07,-47,LMT,Defense,414.0743408203125
E4,2025-04-08,-46,LMT,Defense,426.1268615722656
E4,2025-04-09,-45,LMT,Defense,444.27301025390625
E4,2025-04-10,-44,LMT,Defense,445.6763000488281
E4,2025-04-11,-43,LMT,Defense,456.44097900390625
E4,2025-04-14,-42,LMT,Defense,456.8638610839844
E4,2025-04-15,-41,LMT,Defense,451.32769775390625
E4,2025-04-16,-40,LMT,Defense,458.5362548828125
E4,2025-04-17,-39,LMT,Defense,446.0415344238281
E4,2025-04-21,-38,LMT,Defense,440.5150146484375
E4,2025-04-22,-37,LMT,Defense,444.1192932128906
E4,2025-04-23,-36,LMT,Defense,445.5321044921875
E4,2025-04-24,-35,LMT,Defense,448.6654052734375
E4,2025-04-25,-34,LMT,Defense,459.074462890625
E4,2025-04-28,-33,LMT,Defense,457.7769470214844
E4,2025-04-29,-32,LMT,Defense,457.38287353515625
E4,2025-04-30,-31,LMT,Defense,459.1801452636719
E4,2025-05-01,-30,LMT,Defense,459.1513671875
E4,2025-05-02,-29,LMT,Defense,454.4225769042969
E4,2025-05-05,-28,LMT,Defense,453.23077392578125
E4,2025-05-06,-27,LMT,Defense,450.0110168457031
E4,2025-05-07,-26,LMT,Defense,453.0000915527344
E4,2025-05-08,-25,LMT,Defense,456.0853271484375
E4,2025-05-09,-24,LMT,Defense,455.11456298828125
E4,2025-05-12,-23,LMT,Defense,454.7685852050781
E4,2025-05-13,-22,LMT,Defense,441.9566955566406
E4,2025-05-14,-21,LMT,Defense,431.7206726074219
E4,2025-05-15,-20,LMT,Defense,447.0603332519531
E4,2025-05-16,-19,LMT,Defense,450.1167297363281
E4,2025-05-19,-18,LMT,Defense,454.6724548339844
E4,2025-05-20,-17,LMT,Defense,457.3251953125
E4,2025-05-21,-16,LMT,Defense,452.00054931640625
E4,2025-05-22,-15,LMT,Defense,452.1639404296875
E4,2025-05-23,-14,LMT,Defense,450.65496826171875
E4,2025-05-27,-13,LMT,Defense,458.3151550292969
E4,2025-05-28,-12,LMT,Defense,451.7121887207031
E4,2025-05-29,-11,LMT,Defense,455.2779846191406
E4,2025-05-30,-10,LMT,Defense,463.6302185058594
E4,2025-06-02,-9,LMT,Defense,463.3785705566406
E4,2025-06-03,-8,LMT,Defense,464.6850891113281
E4,2025-06-04,-7,LMT,Defense,466.6592712402344
E4,2025-06-05,-6,LMT,Defense,462.61407470703125
E4,2025-06-06,-5,LMT,Defense,466.1560363769531
E4,2025-06-09,-4,LMT,Defense,465.3237609863281
E4,2025-06-10,-3,LMT,Defense,461.5205078125
E4,2025-06-11,-2,LMT,Defense,441.8751525878906
E4,2025-06-12,-1,LMT,Defense,454.13653564453125
E4,2025-06-13,0,LMT,Defense,470.7625427246094
E4,2025-06-16,1,LMT,Defense,451.9978332519531
E4,2025-06-17,2,LMT,Defense,463.8818359375
E4,2025-06-18,3,LMT,Defense,453.4881896972656
E4,2025-06-20,4,LMT,Defense,455.3849792480469
E4,2025-06-23,5,LMT,Defense,457.2236633300781
E4,2025-06-24,6,LMT,Defense,445.3591003417969
E4,2025-06-25,7,LMT,Defense,443.60748291015625
E4,2025-06-26,8,LMT,Defense,443.13323974609375
E4,2025-06-27,9,LMT,Defense,443.80096435546875
E4,2025-06-30,10,LMT,Defense,448.20428466796875
E4,2025-03-05,-70,JETS,Airlines,23.775264739990234
E4,2025-03-06,-69,JETS,Airlines,23.071033477783203
E4,2025-03-07,-68,JETS,Airlines,22.84290313720703
E4,2025-03-10,-67,JETS,Airlines,21.771677017211914
E4,2025-03-11,-66,JETS,Airlines,21.404682159423828
E4,2025-03-12,-65,JETS,Airlines,21.017850875854492
E4,2025-03-13,-64,JETS,Airlines,20.82939338684082
E4,2025-03-14,-63,JETS,Airlines,21.47411346435547
E4,2025-03-17,-62,JETS,Airlines,21.87086296081543
E4,2025-03-18,-61,JETS,Airlines,21.47411346435547
E4,2025-03-19,-60,JETS,Airlines,22.0593204498291
E4,2025-03-20,-59,JETS,Airlines,21.831188201904297
E4,2025-03-21,-58,JETS,Airlines,21.80143165588379
E4,2025-03-24,-57,JETS,Airlines,22.535419464111328
E4,2025-03-25,-56,JETS,Airlines,22.307289123535156
E4,2025-03-26,-55,JETS,Airlines,22.138669967651367
E4,2025-03-27,-54,JETS,Airlines,21.61297607421875
E4,2025-03-28,-53,JETS,Airlines,20.958335876464844
E4,2025-03-31,-52,JETS,Airlines,20.60126304626465
E4,2025-04-01,-51,JETS,Airlines,20.273942947387695
E4,2025-04-02,-50,JETS,Airlines,20.769882202148438
E4,2025-04-03,-49,JETS,Airlines,18.96466827392578
E4,2025-04-04,-48,JETS,Airlines,17.913278579711914
E4,2025-04-07,-47,JETS,Airlines,17.87360382080078
E4,2025-04-08,-46,JETS,Airlines,17.228885650634766
E4,2025-04-09,-45,JETS,Airlines,20.19459342956543
E4,2025-04-10,-44,JETS,Airlines,18.43897247314453
E4,2025-04-11,-43,JETS,Airlines,18.934911727905273
E4,2025-04-14,-42,JETS,Airlines,18.716699600219727
E4,2025-04-15,-41,JETS,Airlines,18.905153274536133
E4,2025-04-16,-40,JETS,Airlines,18.686941146850586
E4,2025-04-17,-39,JETS,Airlines,18.72661590576172
E4,2025-04-21,-38,JETS,Airlines,18.250516891479492
E4,2025-04-22,-37,JETS,Airlines,18.67702293395996
E4,2025-04-23,-36,JETS,Airlines,19.05393409729004
E4,2025-04-24,-35,JETS,Airlines,19.401092529296875
E4,2025-04-25,-34,JETS,Airlines,19.351499557495117
E4,2025-04-28,-33,JETS,Airlines,19.539955139160156
E4,2025-04-29,-32,JETS,Airlines,19.589548110961914
E4,2025-04-30,-31,JETS,Airlines,19.658979415893555
E4,2025-05-01,-30,JETS,Airlines,19.778005599975586
E4,2025-05-02,-29,JETS,Airlines,20.71036720275879
E4,2025-05-05,-28,JETS,Airlines,20.869070053100586
E4,2025-05-06,-27,JETS,Airlines,20.64093589782715
E4,2025-05-07,-26,JETS,Airlines,20.94841957092285
E4,2025-05-08,-25,JETS,Airlines,21.642730712890625
E4,2025-05-09,-24,JETS,Airlines,21.662569046020508
E4,2025-05-12,-23,JETS,Airlines,22.36680030822754
E4,2025-05-13,-22,JETS,Airlines,22.922252655029297
E4,2025-05-14,-21,JETS,Airlines,22.436233520507812
E4,2025-05-15,-20,JETS,Airlines,22.31720733642578
E4,2025-05-16,-19,JETS,Airlines,22.55525779724121
E4,2025-05-19,-18,JETS,Airlines,22.58501434326172
E4,2025-05-20,-17,JETS,Airlines,22.386638641357422
E4,2025-05-21,-16,JETS,Airlines,21.70224380493164
E4,2025-05-22,-15,JETS,Airlines,21.92045783996582
E4,2025-05-23,-14,JETS,Airlines,21.741918563842773
E4,2025-05-27,-13,JETS,Airlines,22.594932556152344
E4,2025-05-28,-12,JETS,Airlines,22.465988159179688
E4,2025-05-29,-11,JETS,Airlines,22.55525779724121
E4,2025-05-30,-10,JETS,Airlines,22.535419464111328
E4,2025-06-02,-9,JETS,Airlines,22.62468910217285
E4,2025-06-03,-8,JETS,Airlines,22.65444564819336
E4,2025-06-04,-7,JETS,Airlines,22.594932556152344
E4,2025-06-05,-6,JETS,Airlines,22.406476974487305
E4,2025-06-06,-5,JETS,Airlines,23.061115264892578
E4,2025-06-09,-4,JETS,Airlines,23.130544662475586
E4,2025-06-10,-3,JETS,Airlines,23.249570846557617
E4,2025-06-11,-2,JETS,Airlines,22.48582649230957
E4,2025-06-12,-1,JETS,Airlines,22.237857818603516
E4,2025-06-13,0,JETS,Airlines,21.46419334411621
E4,2025-06-16,1,JETS,Airlines,22.15850830078125
E4,2025-06-17,2,JETS,Airlines,21.484031677246094
E4,2025-06-18,3,JETS,Airlines,21.454275131225586
E4,2025-06-20,4,JETS,Airlines,21.39476203918457
E4,2025-06-23,5,JETS,Airlines,21.811349868774414
E4,2025-06-24,6,JETS,Airlines,22.475908279418945
E4,2025-06-25,7,JETS,Airlines,22.118831634521484
E4,2025-06-26,8,JETS,Airlines,22.446149826049805
E4,2025-06-27,9,JETS,Airlines,22.723876953125
E4,2025-06-30,10,JETS,Airlines,22.783388137817383
E4,2025-03-05,-70,DAL,Airlines,55.794559478759766
E4,2025-03-06,-69,DAL,Airlines,54.01565933227539
E4,2025-03-07,-68,DAL,Airlines,52.36452102661133
E4,2025-03-10,-67,DAL,Airlines,49.465213775634766
E4,2025-03-11,-66,DAL,Airlines,45.8779296875
E4,2025-03-12,-65,DAL,Airlines,44.52164077758789
E4,2025-03-13,-64,DAL,Airlines,43.165348052978516
E4,2025-03-14,-63,DAL,Airlines,45.946720123291016
E4,2025-03-17,-62,DAL,Airlines,46.08431625366211
E4,2025-03-18,-61,DAL,Airlines,45.130985260009766
E4,2025-03-19,-60,DAL,Airlines,46.92954635620117
E4,2025-03-20,-59,DAL,Airlines,46.14329147338867
E4,2025-03-21,-58,DAL,Airlines,45.96638107299805
E4,2025-03-24,-57,DAL,Airlines,48.040130615234375
E4,2025-03-25,-56,DAL,Airlines,47.833736419677734
E4,2025-03-26,-55,DAL,Airlines,47.24404525756836
E4,2025-03-27,-54,DAL,Airlines,45.35703659057617
E4,2025-03-28,-53,DAL,Airlines,43.08672332763672
E4,2025-03-31,-52,DAL,Airlines,42.85084915161133
E4,2025-04-01,-51,DAL,Airlines,41.691123962402344
E4,2025-04-02,-50,DAL,Airlines,42.62479782104492
E4,2025-04-03,-49,DAL,Airlines,38.04487228393555
E4,2025-04-04,-48,DAL,Airlines,36.60995864868164
E4,2025-04-07,-47,DAL,Airlines,36.64927291870117
E4,2025-04-08,-46,DAL,Airlines,35.26350021362305
E4,2025-04-09,-45,DAL,Airlines,43.509334564208984
E4,2025-04-10,-44,DAL,Airlines,38.6837043762207
E4,2025-04-11,-43,DAL,Airlines,40.177581787109375
E4,2025-04-14,-42,DAL,Airlines,39.607547760009766
E4,2025-04-15,-41,DAL,Airlines,40.12844467163086
E4,2025-04-16,-40,DAL,Airlines,39.89257049560547
E4,2025-04-17,-39,DAL,Airlines,40.14810562133789
E4,2025-04-21,-38,DAL,Airlines,38.79181671142578
E4,2025-04-22,-37,DAL,Airlines,39.64686584472656
E4,2025-04-23,-36,DAL,Airlines,40.68865203857422
E4,2025-04-24,-35,DAL,Airlines,41.297996520996094
E4,2025-04-25,-34,DAL,Airlines,40.865562438964844
E4,2025-04-28,-33,DAL,Airlines,41.2390251159668
E4,2025-04-29,-32,DAL,Airlines,41.35696792602539
E4,2025-04-30,-31,DAL,Airlines,40.91469955444336
E4,2025-05-01,-30,DAL,Airlines,40.786930084228516
E4,2025-05-02,-29,DAL,Airlines,43.4405403137207
E4,2025-05-05,-28,DAL,Airlines,44.72802734375
E4,2025-05-06,-27,DAL,Airlines,44.04005813598633
E4,2025-05-07,-26,DAL,Airlines,44.52164077758789
E4,2025-05-08,-25,DAL,Airlines,47.705970764160156
E4,2025-05-09,-24,DAL,Airlines,47.509403228759766
E4,2025-05-12,-23,DAL,Airlines,50.261295318603516
E4,2025-05-13,-22,DAL,Airlines,52.23271179199219
E4,2025-05-14,-21,DAL,Airlines,49.857154846191406
E4,2025-05-15,-20,DAL,Airlines,49.56144332885742
E4,2025-05-16,-19,DAL,Airlines,50.19229507446289
E4,2025-05-19,-18,DAL,Airlines,50.45843505859375
E4,2025-05-20,-17,DAL,Airlines,49.26572799682617
E4,2025-05-21,-16,DAL,Airlines,47.58016586303711
E4,2025-05-22,-15,DAL,Airlines,47.806880950927734
E4,2025-05-23,-14,DAL,Airlines,47.23516845703125
E4,2025-05-27,-13,DAL,Airlines,48.69401931762695
E4,2025-05-28,-12,DAL,Airlines,47.90544891357422
E4,2025-05-29,-11,DAL,Airlines,47.806880950927734
E4,2025-05-30,-10,DAL,Airlines,47.69845199584961
E4,2025-06-02,-9,DAL,Airlines,47.806880950927734
E4,2025-06-03,-8,DAL,Airlines,48.132164001464844
E4,2025-06-04,-7,DAL,Airlines,48.2800178527832
E4,2025-06-05,-6,DAL,Airlines,48.14202117919922
E4,2025-06-06,-5,DAL,Airlines,50.22187042236328
E4,2025-06-09,-4,DAL,Airlines,50.46829605102539
E4,2025-06-10,-3,DAL,Airlines,50.941436767578125
E4,2025-06-11,-2,DAL,Airlines,48.46730422973633
E4,2025-06-12,-1,DAL,Airlines,48.18144989013672
E4,2025-06-13,0,DAL,Airlines,46.36774826049805
E4,2025-06-16,1,DAL,Airlines,48.75315856933594
E4,2025-06-17,2,DAL,Airlines,46.64374542236328
E4,2025-06-18,3,DAL,Airlines,46.880313873291016
E4,2025-06-20,4,DAL,Airlines,46.52545928955078
E4,2025-06-23,5,DAL,Airlines,47.56045150756836
E4,2025-06-24,6,DAL,Airlines,48.85173416137695
E4,2025-06-25,7,DAL,Airlines,47.619598388671875
E4,2025-06-26,8,DAL,Airlines,48.27016067504883
E4,2025-06-27,9,DAL,Airlines,48.88130187988281
E4,2025-06-30,10,DAL,Airlines,48.4771614074707
E4,2025-03-05,-70,BNO,Controls,28.649999618530273
E4,2025-03-06,-69,BNO,Controls,28.6200008392334
E4,2025-03-07,-68,BNO,Controls,29.020000457763672
E4,2025-03-10,-67,BNO,Controls,28.579999923706055
E4,2025-03-11,-66,BNO,Controls,28.809999465942383
E4,2025-03-12,-65,BNO,Controls,29.299999237060547
E4,2025-03-13,-64,BNO,Controls,28.84000015258789
E4,2025-03-14,-63,BNO,Controls,29.1200008392334
E4,2025-03-17,-62,BNO,Controls,29.34000015258789
E4,2025-03-18,-61,BNO,Controls,29.18000030517578
E4,2025-03-19,-60,BNO,Controls,29.280000686645508
E4,2025-03-20,-59,BNO,Controls,29.770000457763672
E4,2025-03-21,-58,BNO,Controls,29.780000686645508
E4,2025-03-24,-57,BNO,Controls,30.18000030517578
E4,2025-03-25,-56,BNO,Controls,30.170000076293945
E4,2025-03-26,-55,BNO,Controls,30.43000030517578
E4,2025-03-27,-54,BNO,Controls,30.459999084472656
E4,2025-03-28,-53,BNO,Controls,30.18000030517578
E4,2025-03-31,-52,BNO,Controls,31.110000610351562
E4,2025-04-01,-51,BNO,Controls,31.020000457763672
E4,2025-04-02,-50,BNO,Controls,31.270000457763672
E4,2025-04-03,-49,BNO,Controls,29.139999389648438
E4,2025-04-04,-48,BNO,Controls,27.600000381469727
E4,2025-04-07,-47,BNO,Controls,26.829999923706055
E4,2025-04-08,-46,BNO,Controls,25.790000915527344
E4,2025-04-09,-45,BNO,Controls,27.309999465942383
E4,2025-04-10,-44,BNO,Controls,26.530000686645508
E4,2025-04-11,-43,BNO,Controls,26.969999313354492
E4,2025-04-14,-42,BNO,Controls,27.110000610351562
E4,2025-04-15,-41,BNO,Controls,27.040000915527344
E4,2025-04-16,-40,BNO,Controls,27.559999465942383
E4,2025-04-17,-39,BNO,Controls,28.190000534057617
E4,2025-04-21,-38,BNO,Controls,27.809999465942383
E4,2025-04-22,-37,BNO,Controls,28.079999923706055
E4,2025-04-23,-36,BNO,Controls,27.59000015258789
E4,2025-04-24,-35,BNO,Controls,27.739999771118164
E4,2025-04-25,-34,BNO,Controls,27.899999618530273
E4,2025-04-28,-33,BNO,Controls,27.399999618530273
E4,2025-04-29,-32,BNO,Controls,26.760000228881836
E4,2025-04-30,-31,BNO,Controls,25.829999923706055
E4,2025-05-01,-30,BNO,Controls,26.209999084472656
E4,2025-05-02,-29,BNO,Controls,26.079999923706055
E4,2025-05-05,-28,BNO,Controls,25.489999771118164
E4,2025-05-06,-27,BNO,Controls,26.329999923706055
E4,2025-05-07,-26,BNO,Controls,25.889999389648438
E4,2025-05-08,-25,BNO,Controls,26.670000076293945
E4,2025-05-09,-24,BNO,Controls,27.040000915527344
E4,2025-05-12,-23,BNO,Controls,27.479999542236328
E4,2025-05-13,-22,BNO,Controls,28.200000762939453
E4,2025-05-14,-21,BNO,Controls,27.8700008392334
E4,2025-05-15,-20,BNO,Controls,27.420000076293945
E4,2025-05-16,-19,BNO,Controls,27.670000076293945
E4,2025-05-19,-18,BNO,Controls,27.780000686645508
E4,2025-05-20,-17,BNO,Controls,27.829999923706055
E4,2025-05-21,-16,BNO,Controls,27.459999084472656
E4,2025-05-22,-15,BNO,Controls,27.229999542236328
E4,2025-05-23,-14,BNO,Controls,27.540000915527344
E4,2025-05-27,-13,BNO,Controls,27.270000457763672
E4,2025-05-28,-12,BNO,Controls,27.440000534057617
E4,2025-05-29,-11,BNO,Controls,27.139999389648438
E4,2025-05-30,-10,BNO,Controls,26.93000030517578
E4,2025-06-02,-9,BNO,Controls,27.90999984741211
E4,2025-06-03,-8,BNO,Controls,28.110000610351562
E4,2025-06-04,-7,BNO,Controls,27.809999465942383
E4,2025-06-05,-6,BNO,Controls,27.989999771118164
E4,2025-06-06,-5,BNO,Controls,28.520000457763672
E4,2025-06-09,-4,BNO,Controls,28.739999771118164
E4,2025-06-10,-3,BNO,Controls,28.610000610351562
E4,2025-06-11,-2,BNO,Controls,29.809999465942383
E4,2025-06-12,-1,BNO,Controls,29.84000015258789
E4,2025-06-13,0,BNO,Controls,31.860000610351562
E4,2025-06-16,1,BNO,Controls,31.299999237060547
E4,2025-06-17,2,BNO,Controls,32.7599983215332
E4,2025-06-18,3,BNO,Controls,32.7400016784668
E4,2025-06-20,4,BNO,Controls,33.119998931884766
E4,2025-06-23,5,BNO,Controls,30.649999618530273
E4,2025-06-24,6,BNO,Controls,29.209999084472656
E4,2025-06-25,7,BNO,Controls,29.190000534057617
E4,2025-06-26,8,BNO,Controls,29.309999465942383
E4,2025-06-27,9,BNO,Controls,29.110000610351562
E4,2025-06-30,10,BNO,Controls,29.190000534057617
E4,2025-03-05,-70,GLD,Controls,269.6199951171875
E4,2025-03-06,-69,GLD,Controls,268.25
E4,2025-03-07,-68,GLD,Controls,268.3900146484375
E4,2025-03-10,-67,GLD,Controls,266.0400085449219
E4,2025-03-11,-66,GLD,Controls,269.1600036621094
E4,2025-03-12,-65,GLD,Controls,270.3299865722656
E4,2025-03-13,-64,GLD,Controls,275.1300048828125
E4,2025-03-14,-63,GLD,Controls,275.239990234375
E4,2025-03-17,-62,GLD,Controls,276.7300109863281
E4,2025-03-18,-61,GLD,Controls,279.9599914550781
E4,2025-03-19,-60,GLD,Controls,281.1099853515625
E4,2025-03-20,-59,GLD,Controls,280.75
E4,2025-03-21,-58,GLD,Controls,278.489990234375
E4,2025-03-24,-57,GLD,Controls,277.25
E4,2025-03-25,-56,GLD,Controls,278.4700012207031
E4,2025-03-26,-55,GLD,Controls,278.239990234375
E4,2025-03-27,-54,GLD,Controls,281.9700012207031
E4,2025-03-28,-53,GLD,Controls,284.05999755859375
E4,2025-03-31,-52,GLD,Controls,288.1400146484375
E4,2025-04-01,-51,GLD,Controls,287.57000732421875
E4,2025-04-02,-50,GLD,Controls,288.1600036621094
E4,2025-04-03,-49,GLD,Controls,286.4200134277344
E4,2025-04-04,-48,GLD,Controls,279.7200012207031
E4,2025-04-07,-47,GLD,Controls,273.7099914550781
E4,2025-04-08,-46,GLD,Controls,275.20001220703125
E4,2025-04-09,-45,GLD,Controls,285.3800048828125
E4,2025-04-10,-44,GLD,Controls,292.3500061035156
E4,2025-04-11,-43,GLD,Controls,297.92999267578125
E4,2025-04-14,-42,GLD,Controls,296.2300109863281
E4,2025-04-15,-41,GLD,Controls,297.7799987792969
E4,2025-04-16,-40,GLD,Controls,307.4700012207031
E4,2025-04-17,-39,GLD,Controls,306.1199951171875
E4,2025-04-21,-38,GLD,Controls,315.5899963378906
E4,2025-04-22,-37,GLD,Controls,311.1099853515625
E4,2025-04-23,-36,GLD,Controls,303.6499938964844
E4,2025-04-24,-35,GLD,Controls,308.07000732421875
E4,2025-04-25,-34,GLD,Controls,304.7300109863281
E4,2025-04-28,-33,GLD,Controls,309.07000732421875
E4,2025-04-29,-32,GLD,Controls,306.05999755859375
E4,2025-04-30,-31,GLD,Controls,303.7699890136719
E4,2025-05-01,-30,GLD,Controls,297.4599914550781
E4,2025-05-02,-29,GLD,Controls,297.9800109863281
E4,2025-05-05,-28,GLD,Controls,306.8800048828125
E4,2025-05-06,-27,GLD,Controls,315.4800109863281
E4,2025-05-07,-26,GLD,Controls,310.75
E4,2025-05-08,-25,GLD,Controls,304.6300048828125
E4,2025-05-09,-24,GLD,Controls,306.8399963378906
E4,2025-05-12,-23,GLD,Controls,298.19000244140625
E4,2025-05-13,-22,GLD,Controls,299.4599914550781
E4,2025-05-14,-21,GLD,Controls,293.1600036621094
E4,2025-05-15,-20,GLD,Controls,297.8399963378906
E4,2025-05-16,-19,GLD,Controls,294.239990234375
E4,2025-05-19,-18,GLD,Controls,298.0299987792969
E4,2025-05-20,-17,GLD,Controls,303.5799865722656
E4,2025-05-21,-16,GLD,Controls,305.82000732421875
E4,2025-05-22,-15,GLD,Controls,303.1099853515625
E4,2025-05-23,-14,GLD,Controls,309.75
E4,2025-05-27,-13,GLD,Controls,304.5
E4,2025-05-28,-12,GLD,Controls,303.80999755859375
E4,2025-05-29,-11,GLD,Controls,305.6099853515625
E4,2025-05-30,-10,GLD,Controls,303.6000061035156
E4,2025-06-02,-9,GLD,Controls,311.6700134277344
E4,2025-06-03,-8,GLD,Controls,308.9100036621094
E4,2025-06-04,-7,GLD,Controls,310.8999938964844
E4,2025-06-05,-6,GLD,Controls,309.3299865722656
E4,2025-06-06,-5,GLD,Controls,305.17999267578125
E4,2025-06-09,-4,GLD,Controls,306.6199951171875
E4,2025-06-10,-3,GLD,Controls,306.7099914550781
E4,2025-06-11,-2,GLD,Controls,308.3699951171875
E4,2025-06-12,-1,GLD,Controls,312.20001220703125
E4,2025-06-13,0,GLD,Controls,316.2900085449219
E4,2025-06-16,1,GLD,Controls,311.7799987792969
E4,2025-06-17,2,GLD,Controls,311.94000244140625
E4,2025-06-18,3,GLD,Controls,310.260009765625
E4,2025-06-20,4,GLD,Controls,310.1300048828125
E4,2025-06-23,5,GLD,Controls,311.0799865722656
E4,2025-06-24,6,GLD,Controls,306.19000244140625
E4,2025-06-25,7,GLD,Controls,307.1199951171875
E4,2025-06-26,8,GLD,Controls,306.7799987792969
E4,2025-06-27,9,GLD,Controls,301.2200012207031
E4,2025-06-30,10,GLD,Controls,304.8299865722656
E5,2025-11-17,-70,^GSPC,Benchmark,6672.41015625
E5,2025-11-18,-69,^GSPC,Benchmark,6617.31982421875
E5,2025-11-19,-68,^GSPC,Benchmark,6642.16015625
E5,2025-11-20,-67,^GSPC,Benchmark,6538.759765625
E5,2025-11-21,-66,^GSPC,Benchmark,6602.990234375
E5,2025-11-24,-65,^GSPC,Benchmark,6705.1201171875
E5,2025-11-25,-64,^GSPC,Benchmark,6765.8798828125
E5,2025-11-26,-63,^GSPC,Benchmark,6812.60986328125
E5,2025-11-28,-62,^GSPC,Benchmark,6849.08984375
E5,2025-12-01,-61,^GSPC,Benchmark,6812.6298828125
E5,2025-12-02,-60,^GSPC,Benchmark,6829.3701171875
E5,2025-12-03,-59,^GSPC,Benchmark,6849.72021484375
E5,2025-12-04,-58,^GSPC,Benchmark,6857.1201171875
E5,2025-12-05,-57,^GSPC,Benchmark,6870.39990234375
E5,2025-12-08,-56,^GSPC,Benchmark,6846.509765625
E5,2025-12-09,-55,^GSPC,Benchmark,6840.509765625
E5,2025-12-10,-54,^GSPC,Benchmark,6886.68017578125
E5,2025-12-11,-53,^GSPC,Benchmark,6901.0
E5,2025-12-12,-52,^GSPC,Benchmark,6827.41015625
E5,2025-12-15,-51,^GSPC,Benchmark,6816.509765625
E5,2025-12-16,-50,^GSPC,Benchmark,6800.259765625
E5,2025-12-17,-49,^GSPC,Benchmark,6721.43017578125
E5,2025-12-18,-48,^GSPC,Benchmark,6774.759765625
E5,2025-12-19,-47,^GSPC,Benchmark,6834.5
E5,2025-12-22,-46,^GSPC,Benchmark,6878.490234375
E5,2025-12-23,-45,^GSPC,Benchmark,6909.7900390625
E5,2025-12-24,-44,^GSPC,Benchmark,6932.0498046875
E5,2025-12-26,-43,^GSPC,Benchmark,6929.93994140625
E5,2025-12-29,-42,^GSPC,Benchmark,6905.740234375
E5,2025-12-30,-41,^GSPC,Benchmark,6896.240234375
E5,2025-12-31,-40,^GSPC,Benchmark,6845.5
E5,2026-01-02,-39,^GSPC,Benchmark,6858.47021484375
E5,2026-01-05,-38,^GSPC,Benchmark,6902.0498046875
E5,2026-01-06,-37,^GSPC,Benchmark,6944.81982421875
E5,2026-01-07,-36,^GSPC,Benchmark,6920.93017578125
E5,2026-01-08,-35,^GSPC,Benchmark,6921.4599609375
E5,2026-01-09,-34,^GSPC,Benchmark,6966.27978515625
E5,2026-01-12,-33,^GSPC,Benchmark,6977.27001953125
E5,2026-01-13,-32,^GSPC,Benchmark,6963.740234375
E5,2026-01-14,-31,^GSPC,Benchmark,6926.60009765625
E5,2026-01-15,-30,^GSPC,Benchmark,6944.47021484375
E5,2026-01-16,-29,^GSPC,Benchmark,6940.009765625
E5,2026-01-20,-28,^GSPC,Benchmark,6796.85986328125
E5,2026-01-21,-27,^GSPC,Benchmark,6875.6201171875
E5,2026-01-22,-26,^GSPC,Benchmark,6913.35009765625
E5,2026-01-23,-25,^GSPC,Benchmark,6915.60986328125
E5,2026-01-26,-24,^GSPC,Benchmark,6950.22998046875
E5,2026-01-27,-23,^GSPC,Benchmark,6978.60009765625
E5,2026-01-28,-22,^GSPC,Benchmark,6978.02978515625
E5,2026-01-29,-21,^GSPC,Benchmark,6969.009765625
E5,2026-01-30,-20,^GSPC,Benchmark,6939.02978515625
E5,2026-02-02,-19,^GSPC,Benchmark,6976.43994140625
E5,2026-02-03,-18,^GSPC,Benchmark,6917.81005859375
E5,2026-02-04,-17,^GSPC,Benchmark,6882.72021484375
E5,2026-02-05,-16,^GSPC,Benchmark,6798.39990234375
E5,2026-02-06,-15,^GSPC,Benchmark,6932.2998046875
E5,2026-02-09,-14,^GSPC,Benchmark,6964.81982421875
E5,2026-02-10,-13,^GSPC,Benchmark,6941.81005859375
E5,2026-02-11,-12,^GSPC,Benchmark,6941.47021484375
E5,2026-02-12,-11,^GSPC,Benchmark,6832.759765625
E5,2026-02-13,-10,^GSPC,Benchmark,6836.169921875
E5,2026-02-17,-9,^GSPC,Benchmark,6843.22021484375
E5,2026-02-18,-8,^GSPC,Benchmark,6881.31005859375
E5,2026-02-19,-7,^GSPC,Benchmark,6861.89013671875
E5,2026-02-20,-6,^GSPC,Benchmark,6909.509765625
E5,2026-02-23,-5,^GSPC,Benchmark,6837.75
E5,2026-02-24,-4,^GSPC,Benchmark,6890.06982421875
E5,2026-02-25,-3,^GSPC,Benchmark,6946.1298828125
E5,2026-02-26,-2,^GSPC,Benchmark,6908.85986328125
E5,2026-02-27,-1,^GSPC,Benchmark,6878.8798828125
E5,2026-03-02,0,^GSPC,Benchmark,6881.6201171875
E5,2026-03-03,1,^GSPC,Benchmark,6816.6298828125
E5,2026-03-04,2,^GSPC,Benchmark,6869.5
E5,2026-03-05,3,^GSPC,Benchmark,6830.7099609375
E5,2026-03-06,4,^GSPC,Benchmark,6740.02001953125
E5,2026-03-09,5,^GSPC,Benchmark,6795.990234375
E5,2026-03-10,6,^GSPC,Benchmark,6781.47998046875
E5,2026-03-11,7,^GSPC,Benchmark,6775.7998046875
E5,2026-03-12,8,^GSPC,Benchmark,6672.6201171875
E5,2026-03-13,9,^GSPC,Benchmark,6632.18994140625
E5,2026-03-16,10,^GSPC,Benchmark,6699.3798828125
E5,2025-11-17,-70,^VIX,Benchmark,22.3799991607666
E5,2025-11-18,-69,^VIX,Benchmark,24.690000534057617
E5,2025-11-19,-68,^VIX,Benchmark,23.65999984741211
E5,2025-11-20,-67,^VIX,Benchmark,26.420000076293945
E5,2025-11-21,-66,^VIX,Benchmark,23.43000030517578
E5,2025-11-24,-65,^VIX,Benchmark,20.520000457763672
E5,2025-11-25,-64,^VIX,Benchmark,18.559999465942383
E5,2025-11-26,-63,^VIX,Benchmark,17.190000534057617
E5,2025-11-28,-62,^VIX,Benchmark,16.350000381469727
E5,2025-12-01,-61,^VIX,Benchmark,17.239999771118164
E5,2025-12-02,-60,^VIX,Benchmark,16.59000015258789
E5,2025-12-03,-59,^VIX,Benchmark,16.079999923706055
E5,2025-12-04,-58,^VIX,Benchmark,15.779999732971191
E5,2025-12-05,-57,^VIX,Benchmark,15.40999984741211
E5,2025-12-08,-56,^VIX,Benchmark,16.65999984741211
E5,2025-12-09,-55,^VIX,Benchmark,16.93000030517578
E5,2025-12-10,-54,^VIX,Benchmark,15.770000457763672
E5,2025-12-11,-53,^VIX,Benchmark,14.850000381469727
E5,2025-12-12,-52,^VIX,Benchmark,15.739999771118164
E5,2025-12-15,-51,^VIX,Benchmark,16.5
E5,2025-12-16,-50,^VIX,Benchmark,16.479999542236328
E5,2025-12-17,-49,^VIX,Benchmark,17.6200008392334
E5,2025-12-18,-48,^VIX,Benchmark,16.8700008392334
E5,2025-12-19,-47,^VIX,Benchmark,14.90999984741211
E5,2025-12-22,-46,^VIX,Benchmark,14.079999923706055
E5,2025-12-23,-45,^VIX,Benchmark,14.0
E5,2025-12-24,-44,^VIX,Benchmark,13.470000267028809
E5,2025-12-26,-43,^VIX,Benchmark,13.600000381469727
E5,2025-12-29,-42,^VIX,Benchmark,14.199999809265137
E5,2025-12-30,-41,^VIX,Benchmark,14.329999923706055
E5,2025-12-31,-40,^VIX,Benchmark,14.949999809265137
E5,2026-01-02,-39,^VIX,Benchmark,14.510000228881836
E5,2026-01-05,-38,^VIX,Benchmark,14.899999618530273
E5,2026-01-06,-37,^VIX,Benchmark,14.75
E5,2026-01-07,-36,^VIX,Benchmark,15.380000114440918
E5,2026-01-08,-35,^VIX,Benchmark,15.449999809265137
E5,2026-01-09,-34,^VIX,Benchmark,14.489999771118164
E5,2026-01-12,-33,^VIX,Benchmark,15.119999885559082
E5,2026-01-13,-32,^VIX,Benchmark,15.979999542236328
E5,2026-01-14,-31,^VIX,Benchmark,16.75
E5,2026-01-15,-30,^VIX,Benchmark,15.84000015258789
E5,2026-01-16,-29,^VIX,Benchmark,15.859999656677246
E5,2026-01-20,-28,^VIX,Benchmark,20.09000015258789
E5,2026-01-21,-27,^VIX,Benchmark,16.899999618530273
E5,2026-01-22,-26,^VIX,Benchmark,15.640000343322754
E5,2026-01-23,-25,^VIX,Benchmark,16.09000015258789
E5,2026-01-26,-24,^VIX,Benchmark,16.149999618530273
E5,2026-01-27,-23,^VIX,Benchmark,16.350000381469727
E5,2026-01-28,-22,^VIX,Benchmark,16.350000381469727
E5,2026-01-29,-21,^VIX,Benchmark,16.8799991607666
E5,2026-01-30,-20,^VIX,Benchmark,17.440000534057617
E5,2026-02-02,-19,^VIX,Benchmark,16.34000015258789
E5,2026-02-03,-18,^VIX,Benchmark,18.0
E5,2026-02-04,-17,^VIX,Benchmark,18.639999389648438
E5,2026-02-05,-16,^VIX,Benchmark,21.770000457763672
E5,2026-02-06,-15,^VIX,Benchmark,20.3700008392334
E5,2026-02-09,-14,^VIX,Benchmark,17.360000610351562
E5,2026-02-10,-13,^VIX,Benchmark,17.790000915527344
E5,2026-02-11,-12,^VIX,Benchmark,17.649999618530273
E5,2026-02-12,-11,^VIX,Benchmark,20.81999969482422
E5,2026-02-13,-10,^VIX,Benchmark,20.600000381469727
E5,2026-02-17,-9,^VIX,Benchmark,20.290000915527344
E5,2026-02-18,-8,^VIX,Benchmark,19.6200008392334
E5,2026-02-19,-7,^VIX,Benchmark,20.229999542236328
E5,2026-02-20,-6,^VIX,Benchmark,19.09000015258789
E5,2026-02-23,-5,^VIX,Benchmark,21.010000228881836
E5,2026-02-24,-4,^VIX,Benchmark,19.549999237060547
E5,2026-02-25,-3,^VIX,Benchmark,17.93000030517578
E5,2026-02-26,-2,^VIX,Benchmark,18.6299991607666
E5,2026-02-27,-1,^VIX,Benchmark,19.860000610351562
E5,2026-03-02,0,^VIX,Benchmark,21.440000534057617
E5,2026-03-03,1,^VIX,Benchmark,23.56999969482422
E5,2026-03-04,2,^VIX,Benchmark,21.149999618530273
E5,2026-03-05,3,^VIX,Benchmark,23.75
E5,2026-03-06,4,^VIX,Benchmark,29.489999771118164
E5,2026-03-09,5,^VIX,Benchmark,25.5
E5,2026-03-10,6,^VIX,Benchmark,24.93000030517578
E5,2026-03-11,7,^VIX,Benchmark,24.229999542236328
E5,2026-03-12,8,^VIX,Benchmark,27.290000915527344
E5,2026-03-13,9,^VIX,Benchmark,27.190000534057617
E5,2026-03-16,10,^VIX,Benchmark,23.510000228881836
E5,2025-11-17,-70,XLE,Energy,44.17886734008789
E5,2025-11-18,-69,XLE,Energy,44.530967712402344
E5,2025-11-19,-68,XLE,Energy,43.953914642333984
E5,2025-11-20,-67,XLE,Energy,43.45510482788086
E5,2025-11-21,-66,XLE,Energy,43.72895812988281
E5,2025-11-24,-65,XLE,Energy,43.60670471191406
E5,2025-11-25,-64,XLE,Energy,43.33285140991211
E5,2025-11-26,-63,XLE,Energy,43.66049575805664
E5,2025-11-28,-62,XLE,Energy,44.23265838623047
E5,2025-12-01,-61,XLE,Energy,44.65811538696289
E5,2025-12-02,-60,XLE,Energy,44.08106231689453
E5,2025-12-03,-59,XLE,Energy,44.90752410888672
E5,2025-12-04,-58,XLE,Energy,45.098243713378906
E5,2025-12-05,-57,XLE,Energy,44.91240692138672
E5,2025-12-08,-56,XLE,Energy,44.42338180541992
E5,2025-12-09,-55,XLE,Energy,44.697242736816406
E5,2025-12-10,-54,XLE,Energy,45.16670608520508
E5,2025-12-11,-53,XLE,Energy,44.951534271240234
E5,2025-12-12,-52,XLE,Energy,44.51140594482422
E5,2025-12-15,-51,XLE,Energy,44.198429107666016
E5,2025-12-16,-50,XLE,Energy,42.84870910644531
E5,2025-12-17,-49,XLE,Energy,43.79742431640625
E5,2025-12-18,-48,XLE,Energy,43.16168975830078
E5,2025-12-19,-47,XLE,Energy,43.16168975830078
E5,2025-12-22,-46,XLE,Energy,43.608524322509766
E5,2025-12-23,-45,XLE,Energy,43.89457702636719
E5,2025-12-24,-44,XLE,Energy,43.7663459777832
E5,2025-12-26,-43,XLE,Energy,43.59865951538086
E5,2025-12-29,-42,XLE,Energy,44.01294708251953
E5,2025-12-30,-41,XLE,Energy,44.34832000732422
E5,2025-12-31,-40,XLE,Energy,44.101722717285156
E5,2026-01-02,-39,XLE,Energy,45.02893829345703
E5,2026-01-05,-38,XLE,Energy,46.2520637512207
E5,2026-01-06,-37,XLE,Energy,45.019065856933594
E5,2026-01-07,-36,XLE,Energy,44.51601028442383
E5,2026-01-08,-35,XLE,Energy,45.91668701171875
E5,2026-01-09,-34,XLE,Energy,46.03505325317383
E5,2026-01-12,-33,XLE,Energy,45.70954895019531
E5,2026-01-13,-32,XLE,Energy,46.36056900024414
E5,2026-01-14,-31,XLE,Energy,47.40614700317383
E5,2026-01-15,-30,XLE,Energy,46.9622688293457
E5,2026-01-16,-29,XLE,Energy,47.04117965698242
E5,2026-01-20,-28,XLE,Energy,46.9524040222168
E5,2026-01-21,-27,XLE,Energy,48.08675765991211
E5,2026-01-22,-26,XLE,Energy,48.24458312988281
E5,2026-01-23,-25,XLE,Energy,48.52077102661133
E5,2026-01-26,-24,XLE,Energy,48.55036544799805
E5,2026-01-27,-23,XLE,Energy,48.994239807128906
E5,2026-01-28,-22,XLE,Energy,49.36907196044922
E5,2026-01-29,-21,XLE,Energy,49.82281494140625
E5,2026-01-30,-20,XLE,Energy,50.355464935302734
E5,2026-02-02,-19,XLE,Energy,49.36907196044922
E5,2026-02-03,-18,XLE,Energy,50.9670295715332
E5,2026-02-04,-17,XLE,Energy,52.11125183105469
E5,2026-02-05,-16,XLE,Energy,51.49968719482422
E5,2026-02-06,-15,XLE,Energy,52.52553939819336
E5,2026-02-09,-14,XLE,Energy,52.91023254394531
E5,2026-02-10,-13,XLE,Energy,52.85104751586914
E5,2026-02-11,-12,XLE,Energy,54.231998443603516
E5,2026-02-12,-11,XLE,Energy,53.245601654052734
E5,2026-02-13,-10,XLE,Energy,53.61056900024414
E5,2026-02-17,-9,XLE,Energy,53.018733978271484
E5,2026-02-18,-8,XLE,Energy,54.03472137451172
E5,2026-02-19,-7,XLE,Energy,54.42927932739258
E5,2026-02-20,-6,XLE,Energy,54.13336181640625
E5,2026-02-23,-5,XLE,Energy,54.399688720703125
E5,2026-02-24,-4,XLE,Energy,54.350364685058594
E5,2026-02-25,-3,XLE,Energy,54.123497009277344
E5,2026-02-26,-2,XLE,Energy,54.301048278808594
E5,2026-02-27,-1,XLE,Energy,55.159210205078125
E5,2026-03-02,0,XLE,Energy,56.26397705078125
E5,2026-03-03,1,XLE,Energy,55.75104904174805
E5,2026-03-04,2,XLE,Energy,55.425537109375
E5,2026-03-05,3,XLE,Energy,55.71159362792969
E5,2026-03-06,4,XLE,Energy,55.80036926269531
E5,2026-03-09,5,XLE,Energy,55.553768157958984
E5,2026-03-10,6,XLE,Energy,54.843563079833984
E5,2026-03-11,7,XLE,Energy,56.20478820800781
E5,2026-03-12,8,XLE,Energy,56.727577209472656
E5,2026-03-13,9,XLE,Energy,56.91499328613281
E5,2026-03-16,10,XLE,Energy,57.11227798461914
E5,2025-11-17,-70,XOM,Energy,115.36569213867188
E5,2025-11-18,-69,XOM,Energy,116.68914031982422
E5,2025-11-19,-68,XOM,Energy,115.04218292236328
E5,2025-11-20,-67,XOM,Energy,114.71866607666016
E5,2025-11-21,-66,XOM,Energy,114.7774887084961
E5,2025-11-24,-65,XOM,Energy,113.68932342529297
E5,2025-11-25,-64,XOM,Energy,112.25802612304688
E5,2025-11-26,-63,XOM,Energy,112.5129165649414
E5,2025-11-28,-62,XOM,Energy,113.64029693603516
E5,2025-12-01,-61,XOM,Energy,114.33634185791016
E5,2025-12-02,-60,XOM,Energy,113.11092376708984
E5,2025-12-03,-59,XOM,Energy,115.48332977294922
E5,2025-12-04,-58,XOM,Energy,114.8363037109375
E5,2025-12-05,-57,XOM,Energy,114.24811553955078
E5,2025-12-08,-56,XOM,Energy,113.6991195678711
E5,2025-12-09,-55,XOM,Energy,115.92448425292969
E5,2025-12-10,-54,XOM,Energy,117.1891098022461
E5,2025-12-11,-53,XOM,Energy,117.1891098022461
E5,2025-12-12,-52,XOM,Energy,116.48326873779297
E5,2025-12-15,-51,XOM,Energy,115.44412231445312
E5,2025-12-16,-50,XOM,Energy,112.42469024658203
E5,2025-12-17,-49,XOM,Energy,115.10101318359375
E5,2025-12-18,-48,XOM,Energy,114.24811553955078
E5,2025-12-19,-47,XOM,Energy,114.3951644897461
E5,2025-12-22,-46,XOM,Energy,115.82645416259766
E5,2025-12-23,-45,XOM,Energy,117.07147216796875
E5,2025-12-24,-44,XOM,Energy,116.87540435791016
E5,2025-12-26,-43,XOM,Energy,116.76757049560547
E5,2025-12-29,-42,XOM,Energy,118.1596450805664
E5,2025-12-30,-41,XOM,Energy,118.610595703125
E5,2025-12-31,-40,XOM,Energy,117.97338104248047
E5,2026-01-02,-39,XOM,Energy,120.23796081542969
E5,2026-01-05,-38,XOM,Energy,122.89466094970703
E5,2026-01-06,-37,XOM,Energy,118.66941833496094
E5,2026-01-07,-36,XOM,Energy,116.15975952148438
E5,2026-01-08,-35,XOM,Energy,120.49284362792969
E5,2026-01-09,-34,XOM,Energy,122.15940856933594
E5,2026-01-12,-33,XOM,Energy,121.59081268310547
E5,2026-01-13,-32,XOM,Energy,124.05144500732422
E5,2026-01-14,-31,XOM,Energy,127.63945770263672
E5,2026-01-15,-30,XOM,Energy,126.59051513671875
E5,2026-01-16,-29,XOM,Energy,127.33556365966797
E5,2026-01-20,-28,XOM,Energy,127.89437103271484
E5,2026-01-21,-27,XOM,Energy,130.982421875
E5,2026-01-22,-26,XOM,Energy,131.01182556152344
E5,2026-01-23,-25,XOM,Energy,132.31565856933594
E5,2026-01-26,-24,XOM,Energy,132.18820190429688
E5,2026-01-27,-23,XOM,Energy,134.1390838623047
E5,2026-01-28,-22,XOM,Energy,134.87432861328125
E5,2026-01-29,-21,XOM,Energy,137.7467041015625
E5,2026-01-30,-20,XOM,Energy,138.61920166015625
E5,2026-02-02,-19,XOM,Energy,135.67820739746094
E5,2026-02-03,-18,XOM,Energy,140.9033966064453
E5,2026-02-04,-17,XOM,Energy,144.68746948242188
E5,2026-02-05,-16,XOM,Energy,143.20716857910156
E5,2026-02-06,-15,XOM,Energy,146.1187744140625
E5,2026-02-09,-14,XOM,Energy,148.23629760742188
E5,2026-02-10,-13,XOM,Energy,148.6088104248047
E5,2026-02-11,-12,XOM,Energy,152.50074768066406
E5,2026-02-12,-11,XOM,Energy,147.9611358642578
E5,2026-02-13,-10,XOM,Energy,146.50057983398438
E5,2026-02-17,-9,XOM,Energy,144.270263671875
E5,2026-02-18,-8,XOM,Energy,148.7012939453125
E5,2026-02-19,-7,XOM,Energy,148.98748779296875
E5,2026-02-20,-6,XOM,Energy,145.345947265625
E5,2026-02-23,-5,XOM,Energy,148.78024291992188
E5,2026-02-24,-4,XOM,Energy,147.29994201660156
E5,2026-02-25,-3,XOM,Energy,147.10256958007812
E5,2026-02-26,-2,XOM,Energy,146.58938598632812
E5,2026-02-27,-1,XOM,Energy,150.49740600585938
E5,2026-03-02,0,XOM,Energy,152.19480895996094
E5,2026-03-03,1,XOM,Energy,149.83619689941406
E5,2026-03-04,2,XOM,Energy,147.85260009765625
E5,2026-03-05,3,XOM,Energy,148.78024291992188
E5,2026-03-06,4,XOM,Energy,149.22434997558594
E5,2026-03-09,5,XOM,Energy,148.46444702148438
E5,2026-03-10,6,XOM,Energy,146.18479919433594
E5,2026-03-11,7,XOM,Energy,149.5894775390625
E5,2026-03-12,8,XOM,Energy,151.5138702392578
E5,2026-03-13,9,XOM,Energy,154.06985473632812
E5,2026-03-16,10,XOM,Energy,155.165283203125
E5,2025-11-17,-70,ITA,Defense,203.2992401123047
E5,2025-11-18,-69,ITA,Defense,202.25189208984375
E5,2025-11-19,-68,ITA,Defense,202.6209716796875
E5,2025-11-20,-67,ITA,Defense,198.2718963623047
E5,2025-11-21,-66,ITA,Defense,197.73324584960938
E5,2025-11-24,-65,ITA,Defense,200.1870880126953
E5,2025-11-25,-64,ITA,Defense,201.8927764892578
E5,2025-11-26,-63,ITA,Defense,203.1895294189453
E5,2025-11-28,-62,ITA,Defense,204.58602905273438
E5,2025-12-01,-61,ITA,Defense,198.74072265625
E5,2025-12-02,-60,ITA,Defense,200.80552673339844
E5,2025-12-03,-59,ITA,Defense,201.11474609375
E5,2025-12-04,-58,ITA,Defense,204.1571044921875
E5,2025-12-05,-57,ITA,Defense,201.90277099609375
E5,2025-12-08,-56,ITA,Defense,203.83792114257812
E5,2025-12-09,-55,ITA,Defense,202.1222381591797
E5,2025-12-10,-54,ITA,Defense,203.92767333984375
E5,2025-12-11,-53,ITA,Defense,207.74807739257812
E5,2025-12-12,-52,ITA,Defense,208.88522338867188
E5,2025-12-15,-51,ITA,Defense,209.11465454101562
E5,2025-12-16,-50,ITA,Defense,207.4288787841797
E5,2025-12-17,-49,ITA,Defense,204.28677368164062
E5,2025-12-18,-48,ITA,Defense,207.72813415527344
E5,2025-12-19,-47,ITA,Defense,213.3739471435547
E5,2025-12-22,-46,ITA,Defense,218.81028747558594
E5,2025-12-23,-45,ITA,Defense,219.13946533203125
E5,2025-12-24,-44,ITA,Defense,219.64817810058594
E5,2025-12-26,-43,ITA,Defense,217.52352905273438
E5,2025-12-29,-42,ITA,Defense,216.45620727539062
E5,2025-12-30,-41,ITA,Defense,215.79786682128906
E5,2025-12-31,-40,ITA,Defense,214.15200805664062
E5,2026-01-02,-39,ITA,Defense,221.45364379882812
E5,2026-01-05,-38,ITA,Defense,225.91244506835938
E5,2026-01-06,-37,ITA,Defense,229.6331024169922
E5,2026-01-07,-36,ITA,Defense,225.84263610839844
E5,2026-01-08,-35,ITA,Defense,226.86004638671875
E5,2026-01-09,-34,ITA,Defense,232.3861846923828
E5,2026-01-12,-33,ITA,Defense,235.95721435546875
E5,2026-01-13,-32,ITA,Defense,236.94473266601562
E5,2026-01-14,-31,ITA,Defense,238.5606689453125
E5,2026-01-15,-30,ITA,Defense,240.6055450439453
E5,2026-01-16,-29,ITA,Defense,243.1591339111328
E5,2026-01-20,-28,ITA,Defense,237.30381774902344
E5,2026-01-21,-27,ITA,Defense,239.6678924560547
E5,2026-01-22,-26,ITA,Defense,235.2290496826172
E5,2026-01-23,-25,ITA,Defense,234.48092651367188
E5,2026-01-26,-24,ITA,Defense,232.795166015625
E5,2026-01-27,-23,ITA,Defense,236.42605590820312
E5,2026-01-28,-22,ITA,Defense,233.10438537597656
E5,2026-01-29,-21,ITA,Defense,232.1966552734375
E5,2026-01-30,-20,ITA,Defense,231.79766845703125
E5,2026-02-02,-19,ITA,Defense,230.5807342529297
E5,2026-02-03,-18,ITA,Defense,233.90237426757812
E5,2026-02-04,-17,ITA,Defense,227.4286346435547
E5,2026-02-05,-16,ITA,Defense,225.6132049560547
E5,2026-02-06,-15,ITA,Defense,233.34378051757812
E5,2026-02-09,-14,ITA,Defense,234.25149536132812
E5,2026-02-10,-13,ITA,Defense,232.62559509277344
E5,2026-02-11,-12,ITA,Defense,230.3712615966797
E5,2026-02-12,-11,ITA,Defense,231.94729614257812
E5,2026-02-13,-10,ITA,Defense,234.28140258789062
E5,2026-02-17,-9,ITA,Defense,237.57315063476562
E5,2026-02-18,-8,ITA,Defense,239.7177734375
E5,2026-02-19,-7,ITA,Defense,242.87982177734375
E5,2026-02-20,-6,ITA,Defense,243.03941345214844
E5,2026-02-23,-5,ITA,Defense,240.65541076660156
E5,2026-02-24,-4,ITA,Defense,242.5007781982422
E5,2026-02-25,-3,ITA,Defense,240.61550903320312
E5,2026-02-26,-2,ITA,Defense,242.2115020751953
E5,2026-02-27,-1,ITA,Defense,243.1092529296875
E5,2026-03-02,0,ITA,Defense,249.95205688476562
E5,2026-03-03,1,ITA,Defense,244.36607360839844
E5,2026-03-04,2,ITA,Defense,246.35110473632812
E5,2026-03-05,3,ITA,Defense,239.43846130371094
E5,2026-03-06,4,ITA,Defense,241.5930633544922
E5,2026-03-09,5,ITA,Defense,241.3835906982422
E5,2026-03-10,6,ITA,Defense,239.11927795410156
E5,2026-03-11,7,ITA,Defense,238.0818634033203
E5,2026-03-12,8,ITA,Defense,230.909912109375
E5,2026-03-13,9,ITA,Defense,228.76527404785156
E5,2026-03-16,10,ITA,Defense,232.22659301757812
E5,2025-11-17,-70,LMT,Defense,458.92169189453125
E5,2025-11-18,-69,LMT,Defense,462.7624816894531
E5,2025-11-19,-68,LMT,Defense,458.0736389160156
E5,2025-11-20,-67,LMT,Defense,456.4651794433594
E5,2025-11-21,-66,LMT,Defense,449.173583984375
E5,2025-11-24,-65,LMT,Defense,439.6984558105469
E5,2025-11-25,-64,LMT,Defense,441.0144348144531
E5,2025-11-26,-63,LMT,Defense,442.7203369140625
E5,2025-11-28,-62,LMT,Defense,446.3271484375
E5,2025-12-01,-61,LMT,Defense,431.37786865234375
E5,2025-12-02,-60,LMT,Defense,433.9610900878906
E5,2025-12-03,-59,LMT,Defense,438.8525085449219
E5,2025-12-04,-58,LMT,Defense,440.37493896484375
E5,2025-12-05,-57,LMT,Defense,444.1564636230469
E5,2025-12-08,-56,LMT,Defense,457.1020202636719
E5,2025-12-09,-55,LMT,Defense,458.5851745605469
E5,2025-12-10,-54,LMT,Defense,459.6164855957031
E5,2025-12-11,-53,LMT,Defense,466.4330749511719
E5,2025-12-12,-52,LMT,Defense,471.70751953125
E5,2025-12-15,-51,LMT,Defense,475.8033447265625
E5,2025-12-16,-50,LMT,Defense,468.5742492675781
E5,2025-12-17,-49,LMT,Defense,466.3446350097656
E5,2025-12-18,-48,LMT,Defense,461.77734375
E5,2025-12-19,-47,LMT,Defense,465.6964111328125
E5,2025-12-22,-46,LMT,Defense,474.9684753417969
E5,2025-12-23,-45,LMT,Defense,473.9665832519531
E5,2025-12-24,-44,LMT,Defense,477.10968017578125
E5,2025-12-26,-43,LMT,Defense,474.4380798339844
E5,2025-12-29,-42,LMT,Defense,480.1741638183594
E5,2025-12-30,-41,LMT,Defense,479.3196716308594
E5,2025-12-31,-40,LMT,Defense,475.0666809082031
E5,2026-01-02,-39,LMT,Defense,488.22833251953125
E5,2026-01-05,-38,LMT,Defense,502.4704284667969
E5,2026-01-06,-37,LMT,Defense,512.754150390625
E5,2026-01-07,-36,LMT,Defense,488.0318603515625
E5,2026-01-08,-35,LMT,Defense,509.21820068359375
E5,2026-01-09,-34,LMT,Defense,533.2627563476562
E5,2026-01-12,-33,LMT,Defense,541.4347534179688
E5,2026-01-13,-32,LMT,Defense,548.3692016601562
E5,2026-01-14,-31,LMT,Defense,562.5130615234375
E5,2026-01-15,-30,LMT,Defense,567.6107177734375
E5,2026-01-16,-29,LMT,Defense,572.0700073242188
E5,2026-01-20,-28,LMT,Defense,565.8132934570312
E5,2026-01-21,-27,LMT,Defense,575.8024291992188
E5,2026-01-22,-26,LMT,Defense,583.345703125
E5,2026-01-23,-25,LMT,Defense,580.3107299804688
E5,2026-01-26,-24,LMT,Defense,571.3136596679688
E5,2026-01-27,-23,LMT,Defense,584.3673095703125
E5,2026-01-28,-22,LMT,Defense,586.64599609375
E5,2026-01-29,-21,LMT,Defense,611.43701171875
E5,2026-01-30,-20,LMT,Defense,622.9387817382812
E5,2026-02-02,-19,LMT,Defense,624.6871337890625
E5,2026-02-03,-18,LMT,Defense,617.0848388671875
E5,2026-02-04,-17,LMT,Defense,592.0383911132812
E5,2026-02-05,-16,LMT,Defense,598.3441772460938
E5,2026-02-06,-15,LMT,Defense,612.488037109375
E5,2026-02-09,-14,LMT,Defense,626.9363403320312
E5,2026-02-10,-13,LMT,Defense,618.3616943359375
E5,2026-02-11,-12,LMT,Defense,617.5169677734375
E5,2026-02-12,-11,LMT,Defense,626.0916748046875
E5,2026-02-13,-10,LMT,Defense,640.9722290039062
E5,2026-02-17,-9,LMT,Defense,638.0255737304688
E5,2026-02-18,-8,LMT,Defense,638.25146484375
E5,2026-02-19,-7,LMT,Defense,654.6544189453125
E5,2026-02-20,-6,LMT,Defense,646.5511474609375
E5,2026-02-23,-5,LMT,Defense,648.869140625
E5,2026-02-24,-4,LMT,Defense,652.6113891601562
E5,2026-02-25,-3,LMT,Defense,635.9825439453125
E5,2026-02-26,-2,LMT,Defense,630.2169189453125
E5,2026-02-27,-1,LMT,Defense,646.3743286132812
E5,2026-03-02,0,LMT,Defense,668.1660766601562
E5,2026-03-03,1,LMT,Defense,659.3980102539062
E5,2026-03-04,2,LMT,Defense,656.10009765625
E5,2026-03-05,3,LMT,Defense,646.7396850585938
E5,2026-03-06,4,LMT,Defense,663.2982177734375
E5,2026-03-09,5,LMT,Defense,655.7743530273438
E5,2026-03-10,6,LMT,Defense,643.00732421875
E5,2026-03-11,7,LMT,Defense,641.2794189453125
E5,2026-03-12,8,LMT,Defense,644.5971069335938
E5,2026-03-13,9,LMT,Defense,637.8532104492188
E5,2026-03-16,10,LMT,Defense,637.0632934570312
E5,2025-11-17,-70,JETS,Airlines,23.795103073120117
E5,2025-11-18,-69,JETS,Airlines,23.963722229003906
E5,2025-11-19,-68,JETS,Airlines,23.8546142578125
E5,2025-11-20,-67,JETS,Airlines,23.487621307373047
E5,2025-11-21,-66,JETS,Airlines,24.31087875366211
E5,2025-11-24,-65,JETS,Airlines,24.80681610107422
E5,2025-11-25,-64,JETS,Airlines,25.501127243041992
E5,2025-11-26,-63,JETS,Airlines,26.046661376953125
E5,2025-11-28,-62,JETS,Airlines,26.096254348754883
E5,2025-12-01,-61,JETS,Airlines,25.98714828491211
E5,2025-12-02,-60,JETS,Airlines,26.43349266052246
E5,2025-12-03,-59,JETS,Airlines,26.899675369262695
E5,2025-12-04,-58,JETS,Airlines,26.69137954711914
E5,2025-12-05,-57,JETS,Airlines,27.207155227661133
E5,2025-12-08,-56,JETS,Airlines,27.207155227661133
E5,2025-12-09,-55,JETS,Airlines,27.25674819946289
E5,2025-12-10,-54,JETS,Airlines,27.81220054626465
E5,2025-12-11,-53,JETS,Airlines,28.02049446105957
E5,2025-12-12,-52,JETS,Airlines,28.050251007080078
E5,2025-12-15,-51,JETS,Airlines,28.27838134765625
E5,2025-12-16,-50,JETS,Airlines,28.51643180847168
E5,2025-12-17,-49,JETS,Airlines,28.080005645751953
E5,2025-12-18,-48,JETS,Airlines,28.308137893676758
E5,2025-12-19,-47,JETS,Airlines,28.506513595581055
E5,2025-12-22,-46,JETS,Airlines,28.96277618408203
E5,2025-12-23,-45,JETS,Airlines,28.44700050354004
E5,2025-12-24,-44,JETS,Airlines,28.540000915527344
E5,2025-12-26,-43,JETS,Airlines,28.40999984741211
E5,2025-12-29,-42,JETS,Airlines,28.049999237060547
E5,2025-12-30,-41,JETS,Airlines,28.09000015258789
E5,2025-12-31,-40,JETS,Airlines,28.06999969482422
E5,2026-01-02,-39,JETS,Airlines,28.290000915527344
E5,2026-01-05,-38,JETS,Airlines,29.010000228881836
E5,2026-01-06,-37,JETS,Airlines,29.149999618530273
E5,2026-01-07,-36,JETS,Airlines,29.030000686645508
E5,2026-01-08,-35,JETS,Airlines,29.0
E5,2026-01-09,-34,JETS,Airlines,29.469999313354492
E5,2026-01-12,-33,JETS,Airlines,29.25
E5,2026-01-13,-32,JETS,Airlines,28.760000228881836
E5,2026-01-14,-31,JETS,Airlines,28.399999618530273
E5,2026-01-15,-30,JETS,Airlines,29.049999237060547
E5,2026-01-16,-29,JETS,Airlines,29.010000228881836
E5,2026-01-20,-28,JETS,Airlines,28.280000686645508
E5,2026-01-21,-27,JETS,Airlines,28.950000762939453
E5,2026-01-22,-26,JETS,Airlines,28.8799991607666
E5,2026-01-23,-25,JETS,Airlines,28.559999465942383
E5,2026-01-26,-24,JETS,Airlines,28.31999969482422
E5,2026-01-27,-23,JETS,Airlines,27.860000610351562
E5,2026-01-28,-22,JETS,Airlines,27.690000534057617
E5,2026-01-29,-21,JETS,Airlines,28.420000076293945
E5,2026-01-30,-20,JETS,Airlines,27.950000762939453
E5,2026-02-02,-19,JETS,Airlines,28.93000030517578
E5,2026-02-03,-18,JETS,Airlines,29.350000381469727
E5,2026-02-04,-17,JETS,Airlines,29.809999465942383
E5,2026-02-05,-16,JETS,Airlines,29.469999313354492
E5,2026-02-06,-15,JETS,Airlines,31.15999984741211
E5,2026-02-09,-14,JETS,Airlines,30.989999771118164
E5,2026-02-10,-13,JETS,Airlines,30.8799991607666
E5,2026-02-11,-12,JETS,Airlines,29.8700008392334
E5,2026-02-12,-11,JETS,Airlines,29.329999923706055
E5,2026-02-13,-10,JETS,Airlines,29.360000610351562
E5,2026-02-17,-9,JETS,Airlines,30.170000076293945
E5,2026-02-18,-8,JETS,Airlines,30.299999237060547
E5,2026-02-19,-7,JETS,Airlines,29.100000381469727
E5,2026-02-20,-6,JETS,Airlines,29.469999313354492
E5,2026-02-23,-5,JETS,Airlines,28.510000228881836
E5,2026-02-24,-4,JETS,Airlines,28.81999969482422
E5,2026-02-25,-3,JETS,Airlines,28.90999984741211
E5,2026-02-26,-2,JETS,Airlines,29.6299991607666
E5,2026-02-27,-1,JETS,Airlines,28.450000762939453
E5,2026-03-02,0,JETS,Airlines,27.700000762939453
E5,2026-03-03,1,JETS,Airlines,27.43000030517578
E5,2026-03-04,2,JETS,Airlines,27.31999969482422
E5,2026-03-05,3,JETS,Airlines,26.079999923706055
E5,2026-03-06,4,JETS,Airlines,25.350000381469727
E5,2026-03-09,5,JETS,Airlines,25.770000457763672
E5,2026-03-10,6,JETS,Airlines,25.350000381469727
E5,2026-03-11,7,JETS,Airlines,25.219999313354492
E5,2026-03-12,8,JETS,Airlines,24.219999313354492
E5,2026-03-13,9,JETS,Airlines,24.049999237060547
E5,2026-03-16,10,JETS,Airlines,24.579999923706055
E5,2025-11-17,-70,DAL,Airlines,55.325157165527344
E5,2025-11-18,-69,DAL,Airlines,56.684478759765625
E5,2025-11-19,-68,DAL,Airlines,56.4265022277832
E5,2025-11-20,-67,DAL,Airlines,55.53352355957031
E5,2025-11-21,-66,DAL,Airlines,58.113243103027344
E5,2025-11-24,-65,DAL,Airlines,60.19686508178711
E5,2025-11-25,-64,DAL,Airlines,61.66532897949219
E5,2025-11-26,-63,DAL,Airlines,63.768795013427734
E5,2025-11-28,-62,DAL,Airlines,63.600120544433594
E5,2025-12-01,-61,DAL,Airlines,63.64973068237305
E5,2025-12-02,-60,DAL,Airlines,64.63201141357422
E5,2025-12-03,-59,DAL,Airlines,66.96368408203125
E5,2025-12-04,-58,DAL,Airlines,66.71562957763672
E5,2025-12-05,-57,DAL,Airlines,66.57672119140625
E5,2025-12-08,-56,DAL,Airlines,66.69579315185547
E5,2025-12-09,-55,DAL,Airlines,66.88431549072266
E5,2025-12-10,-54,DAL,Airlines,69.38465118408203
E5,2025-12-11,-53,DAL,Airlines,70.0097427368164
E5,2025-12-12,-52,DAL,Airlines,69.26559448242188
E5,2025-12-15,-51,DAL,Airlines,70.71420288085938
E5,2025-12-16,-50,DAL,Airlines,70.5852279663086
E5,2025-12-17,-49,DAL,Airlines,69.17630004882812
E5,2025-12-18,-48,DAL,Airlines,69.60293579101562
E5,2025-12-19,-47,DAL,Airlines,70.5058364868164
E5,2025-12-22,-46,DAL,Airlines,71.49803924560547
E5,2025-12-23,-45,DAL,Airlines,69.95021057128906
E5,2025-12-24,-44,DAL,Airlines,70.40663146972656
E5,2025-12-26,-43,DAL,Airlines,70.2974853515625
E5,2025-12-29,-42,DAL,Airlines,68.9877700805664
E5,2025-12-30,-41,DAL,Airlines,68.79925537109375
E5,2025-12-31,-40,DAL,Airlines,68.85879516601562
E5,2026-01-02,-39,DAL,Airlines,68.52143096923828
E5,2026-01-05,-38,DAL,Airlines,71.25991821289062
E5,2026-01-06,-37,DAL,Airlines,71.65679931640625
E5,2026-01-07,-36,DAL,Airlines,71.09123992919922
E5,2026-01-08,-35,DAL,Airlines,70.73404693603516
E5,2026-01-09,-34,DAL,Airlines,71.74609375
E5,2026-01-12,-33,DAL,Airlines,70.47608184814453
E5,2026-01-13,-32,DAL,Airlines,68.7893295288086
E5,2026-01-14,-31,DAL,Airlines,67.95588684082031
E5,2026-01-15,-30,DAL,Airlines,70.78366088867188
E5,2026-01-16,-29,DAL,Airlines,69.8807601928711
E5,2026-01-20,-28,DAL,Airlines,66.93391418457031
E5,2026-01-21,-27,DAL,Airlines,68.41229248046875
E5,2026-01-22,-26,DAL,Airlines,68.41229248046875
E5,2026-01-23,-25,DAL,Airlines,67.43002319335938
E5,2026-01-26,-24,DAL,Airlines,66.9736099243164
E5,2026-01-27,-23,DAL,Airlines,65.62420654296875
E5,2026-01-28,-22,DAL,Airlines,65.31663513183594
E5,2026-01-29,-21,DAL,Airlines,66.0210952758789
E5,2026-01-30,-20,DAL,Airlines,65.37615966796875
E5,2026-02-02,-19,DAL,Airlines,68.5412826538086
E5,2026-02-03,-18,DAL,Airlines,69.89067840576172
E5,2026-02-04,-17,DAL,Airlines,70.30740356445312
E5,2026-02-05,-16,DAL,Airlines,69.23583221435547
E5,2026-02-06,-15,DAL,Airlines,74.76238250732422
E5,2026-02-09,-14,DAL,Airlines,74.41512298583984
E5,2026-02-10,-13,DAL,Airlines,73.87932586669922
E5,2026-02-11,-12,DAL,Airlines,70.863037109375
E5,2026-02-12,-11,DAL,Airlines,68.95801544189453
E5,2026-02-13,-10,DAL,Airlines,68.4619140625
E5,2026-02-17,-9,DAL,Airlines,70.2974853515625
E5,2026-02-18,-8,DAL,Airlines,70.55545043945312
E5,2026-02-19,-7,DAL,Airlines,66.91407775878906
E5,2026-02-20,-6,DAL,Airlines,68.89847564697266
E5,2026-02-23,-5,DAL,Airlines,66.35843658447266
E5,2026-02-24,-4,DAL,Airlines,68.69012451171875
E5,2026-02-25,-3,DAL,Airlines,68.83894348144531
E5,2026-02-26,-2,DAL,Airlines,70.15022277832031
E5,2026-02-27,-1,DAL,Airlines,65.36476135253906
E5,2026-03-02,0,DAL,Airlines,63.92216110229492
E5,2026-03-03,1,DAL,Airlines,64.27037811279297
E5,2026-03-04,2,DAL,Airlines,63.50430679321289
E5,2026-03-05,3,DAL,Airlines,60.99716567993164
E5,2026-03-06,4,DAL,Airlines,58.70889663696289
E5,2026-03-09,5,DAL,Airlines,60.27088928222656
E5,2026-03-10,6,DAL,Airlines,58.96757125854492
E5,2026-03-11,7,DAL,Airlines,58.838233947753906
E5,2026-03-12,8,DAL,Airlines,57.64435577392578
E5,2026-03-13,9,DAL,Airlines,58.48006820678711
E5,2026-03-16,10,DAL,Airlines,60.52956008911133
E5,2025-11-17,-70,BNO,Controls,29.329999923706055
E5,2025-11-18,-69,BNO,Controls,29.719999313354492
E5,2025-11-19,-68,BNO,Controls,29.06999969482422
E5,2025-11-20,-67,BNO,Controls,28.84000015258789
E5,2025-11-21,-66,BNO,Controls,28.520000457763672
E5,2025-11-24,-65,BNO,Controls,28.979999542236328
E5,2025-11-25,-64,BNO,Controls,28.520000457763672
E5,2025-11-26,-63,BNO,Controls,28.81999969482422
E5,2025-11-28,-62,BNO,Controls,29.170000076293945
E5,2025-12-01,-61,BNO,Controls,29.190000534057617
E5,2025-12-02,-60,BNO,Controls,28.829999923706055
E5,2025-12-03,-59,BNO,Controls,29.0
E5,2025-12-04,-58,BNO,Controls,29.209999084472656
E5,2025-12-05,-57,BNO,Controls,29.43000030517578
E5,2025-12-08,-56,BNO,Controls,28.84000015258789
E5,2025-12-09,-55,BNO,Controls,28.639999389648438
E5,2025-12-10,-54,BNO,Controls,28.93000030517578
E5,2025-12-11,-53,BNO,Controls,28.399999618530273
E5,2025-12-12,-52,BNO,Controls,28.25
E5,2025-12-15,-51,BNO,Controls,27.899999618530273
E5,2025-12-16,-50,BNO,Controls,27.200000762939453
E5,2025-12-17,-49,BNO,Controls,27.90999984741211
E5,2025-12-18,-48,BNO,Controls,27.579999923706055
E5,2025-12-19,-47,BNO,Controls,27.93000030517578
E5,2025-12-22,-46,BNO,Controls,28.600000381469727
E5,2025-12-23,-45,BNO,Controls,28.780000686645508
E5,2025-12-24,-44,BNO,Controls,28.709999084472656
E5,2025-12-26,-43,BNO,Controls,28.09000015258789
E5,2025-12-29,-42,BNO,Controls,28.469999313354492
E5,2025-12-30,-41,BNO,Controls,28.520000457763672
E5,2025-12-31,-40,BNO,Controls,28.31999969482422
E5,2026-01-02,-39,BNO,Controls,28.25
E5,2026-01-05,-38,BNO,Controls,28.75
E5,2026-01-06,-37,BNO,Controls,28.1299991607666
E5,2026-01-07,-36,BNO,Controls,28.030000686645508
E5,2026-01-08,-35,BNO,Controls,29.270000457763672
E5,2026-01-09,-34,BNO,Controls,29.31999969482422
E5,2026-01-12,-33,BNO,Controls,29.739999771118164
E5,2026-01-13,-32,BNO,Controls,30.440000534057617
E5,2026-01-14,-31,BNO,Controls,30.059999465942383
E5,2026-01-15,-30,BNO,Controls,29.579999923706055
E5,2026-01-16,-29,BNO,Controls,29.84000015258789
E5,2026-01-20,-28,BNO,Controls,29.780000686645508
E5,2026-01-21,-27,BNO,Controls,30.40999984741211
E5,2026-01-22,-26,BNO,Controls,29.860000610351562
E5,2026-01-23,-25,BNO,Controls,30.690000534057617
E5,2026-01-26,-24,BNO,Controls,30.56999969482422
E5,2026-01-27,-23,BNO,Controls,31.420000076293945
E5,2026-01-28,-22,BNO,Controls,31.799999237060547
E5,2026-01-29,-21,BNO,Controls,32.790000915527344
E5,2026-01-30,-20,BNO,Controls,32.95000076293945
E5,2026-02-02,-19,BNO,Controls,31.280000686645508
E5,2026-02-03,-18,BNO,Controls,32.119998931884766
E5,2026-02-04,-17,BNO,Controls,32.310001373291016
E5,2026-02-05,-16,BNO,Controls,31.829999923706055
E5,2026-02-06,-15,BNO,Controls,32.02000045776367
E5,2026-02-09,-14,BNO,Controls,32.52000045776367
E5,2026-02-10,-13,BNO,Controls,32.59000015258789
E5,2026-02-11,-12,BNO,Controls,32.900001525878906
E5,2026-02-12,-11,BNO,Controls,31.8799991607666
E5,2026-02-13,-10,BNO,Controls,31.889999389648438
E5,2026-02-17,-9,BNO,Controls,31.780000686645508
E5,2026-02-18,-8,BNO,Controls,33.27000045776367
E5,2026-02-19,-7,BNO,Controls,34.0099983215332
E5,2026-02-20,-6,BNO,Controls,33.880001068115234
E5,2026-02-23,-5,BNO,Controls,33.88999938964844
E5,2026-02-24,-4,BNO,Controls,33.90999984741211
E5,2026-02-25,-3,BNO,Controls,33.650001525878906
E5,2026-02-26,-2,BNO,Controls,33.810001373291016
E5,2026-02-27,-1,BNO,Controls,34.810001373291016
E5,2026-03-02,0,BNO,Controls,37.34000015258789
E5,2026-03-03,1,BNO,Controls,38.61000061035156
E5,2026-03-04,2,BNO,Controls,38.900001525878906
E5,2026-03-05,3,BNO,Controls,40.2400016784668
E5,2026-03-06,4,BNO,Controls,43.95000076293945
E5,2026-03-09,5,BNO,Controls,42.720001220703125
E5,2026-03-10,6,BNO,Controls,43.369998931884766
E5,2026-03-11,7,BNO,Controls,44.040000915527344
E5,2026-03-12,8,BNO,Controls,48.25
E5,2026-03-13,9,BNO,Controls,49.040000915527344
E5,2026-03-16,10,BNO,Controls,47.65999984741211
E5,2025-11-17,-70,GLD,Controls,371.6499938964844
E5,2025-11-18,-69,GLD,Controls,374.3500061035156
E5,2025-11-19,-68,GLD,Controls,374.9599914550781
E5,2025-11-20,-67,GLD,Controls,374.8500061035156
E5,2025-11-21,-66,GLD,Controls,374.2699890136719
E5,2025-11-24,-65,GLD,Controls,380.20001220703125
E5,2025-11-25,-64,GLD,Controls,380.0799865722656
E5,2025-11-26,-63,GLD,Controls,383.1199951171875
E5,2025-11-28,-62,GLD,Controls,387.8800048828125
E5,2025-12-01,-61,GLD,Controls,389.75
E5,2025-12-02,-60,GLD,Controls,387.239990234375
E5,2025-12-03,-59,GLD,Controls,386.8800048828125
E5,2025-12-04,-58,GLD,Controls,387.1300048828125
E5,2025-12-05,-57,GLD,Controls,386.44000244140625
E5,2025-12-08,-56,GLD,Controls,385.4200134277344
E5,2025-12-09,-55,GLD,Controls,387.3999938964844
E5,2025-12-10,-54,GLD,Controls,389.04998779296875
E5,2025-12-11,-53,GLD,Controls,393.239990234375
E5,2025-12-12,-52,GLD,Controls,395.44000244140625
E5,2025-12-15,-51,GLD,Controls,395.79998779296875
E5,2025-12-16,-50,GLD,Controls,395.8900146484375
E5,2025-12-17,-49,GLD,Controls,399.2900085449219
E5,2025-12-18,-48,GLD,Controls,398.57000732421875
E5,2025-12-19,-47,GLD,Controls,399.0199890136719
E5,2025-12-22,-46,GLD,Controls,408.2300109863281
E5,2025-12-23,-45,GLD,Controls,413.6400146484375
E5,2025-12-24,-44,GLD,Controls,411.92999267578125
E5,2025-12-26,-43,GLD,Controls,416.739990234375
E5,2025-12-29,-42,GLD,Controls,398.6000061035156
E5,2025-12-30,-41,GLD,Controls,398.8900146484375
E5,2025-12-31,-40,GLD,Controls,396.30999755859375
E5,2026-01-02,-39,GLD,Controls,398.2799987792969
E5,2026-01-05,-38,GLD,Controls,408.760009765625
E5,2026-01-06,-37,GLD,Controls,413.17999267578125
E5,2026-01-07,-36,GLD,Controls,409.2300109863281
E5,2026-01-08,-35,GLD,Controls,411.489990234375
E5,2026-01-09,-34,GLD,Controls,414.4700012207031
E5,2026-01-12,-33,GLD,Controls,422.2300109863281
E5,2026-01-13,-32,GLD,Controls,421.6300048828125
E5,2026-01-14,-31,GLD,Controls,425.94000244140625
E5,2026-01-15,-30,GLD,Controls,423.3299865722656
E5,2026-01-16,-29,GLD,Controls,421.2900085449219
E5,2026-01-20,-28,GLD,Controls,437.2300109863281
E5,2026-01-21,-27,GLD,Controls,443.6000061035156
E5,2026-01-22,-26,GLD,Controls,451.7900085449219
E5,2026-01-23,-25,GLD,Controls,458.0
E5,2026-01-26,-24,GLD,Controls,464.70001220703125
E5,2026-01-27,-23,GLD,Controls,476.1000061035156
E5,2026-01-28,-22,GLD,Controls,494.55999755859375
E5,2026-01-29,-21,GLD,Controls,495.8999938964844
E5,2026-01-30,-20,GLD,Controls,444.95001220703125
E5,2026-02-02,-19,GLD,Controls,427.1300048828125
E5,2026-02-03,-18,GLD,Controls,454.2900085449219
E5,2026-02-04,-17,GLD,Controls,453.9700012207031
E5,2026-02-05,-16,GLD,Controls,441.8800048828125
E5,2026-02-06,-15,GLD,Controls,455.4599914550781
E5,2026-02-09,-14,GLD,Controls,467.0299987792969
E5,2026-02-10,-13,GLD,Controls,462.3999938964844
E5,2026-02-11,-12,GLD,Controls,467.6300048828125
E5,2026-02-12,-11,GLD,Controls,451.3900146484375
E5,2026-02-13,-10,GLD,Controls,462.6199951171875
E5,2026-02-17,-9,GLD,Controls,448.20001220703125
E5,2026-02-18,-8,GLD,Controls,458.2799987792969
E5,2026-02-19,-7,GLD,Controls,459.55999755859375
E5,2026-02-20,-6,GLD,Controls,468.6199951171875
E5,2026-02-23,-5,GLD,Controls,481.2799987792969
E5,2026-02-24,-4,GLD,Controls,474.6099853515625
E5,2026-02-25,-3,GLD,Controls,473.4200134277344
E5,2026-02-26,-2,GLD,Controls,477.4800109863281
E5,2026-02-27,-1,GLD,Controls,483.75
E5,2026-03-02,0,GLD,Controls,490.0
E5,2026-03-03,1,GLD,Controls,468.1400146484375
E5,2026-03-04,2,GLD,Controls,471.79998779296875
E5,2026-03-05,3,GLD,Controls,466.1300048828125
E5,2026-03-06,4,GLD,Controls,473.510009765625
E5,2026-03-09,5,GLD,Controls,472.5299987792969
E5,2026-03-10,6,GLD,Controls,477.8599853515625
E5,2026-03-11,7,GLD,Controls,476.239990234375
E5,2026-03-12,8,GLD,Controls,466.8800048828125
E5,2026-03-13,9,GLD,Controls,460.8399963378906
E5,2026-03-16,10,GLD,Controls,460.42999267578125
